poem_line,cluster_label,tsne_dim1,tsne_dim2
慷慨志犹存,15,42.083378,26.443596
既伤千里目,17,-7.5639524,-14.881235
还惊九逝魂,10,-3.792784,9.446399
岂不惮艰险,10,-2.4046967,16.833916
深怀国士恩,12,19.243795,9.756928
人生感意气,15,41.470123,25.120413
四海遂为家,4,44.381443,12.894557
慨然抚长剑,15,38.56052,30.360971
济世岂邀名,15,30.317837,35.2863
涂山烽候惊,10,7.0519857,41.215195
辛苦事旌麾,13,-31.363358,23.099222
独有西山将,16,14.0721245,0.85537404
年年属数奇,7,3.6032138,4.002797
居高声自远,4,45.470528,7.656334
金吾不禁夜,2,54.828125,-3.1234498
玉漏莫相催,6,2.278193,-23.21529
徙倚欲何依,19,-2.432345,-8.133107
长歌怀采薇,17,6.5890846,-14.634298
相逢秋月满,14,24.467741,-26.212936
更值夜萤飞,14,30.43534,-23.80764
怅然临古城,5,-32.776646,-13.144968
此志安可平,15,32.70746,30.613821
驱马历长洲,16,40.89959,7.7453566
得成比目何辞死,0,8.16476,-41.78037
愿作鸳鸯不羡仙,0,14.868923,-32.88531
比目鸳鸯真可羡,0,14.808646,-32.963356
双去双来君不见,0,14.746636,-31.379576
生憎帐额绣孤鸾,18,-15.485931,5.916204
好取门帘帖双燕,14,23.531427,-17.58189
一朝零落无人问,6,-32.945225,-22.723747
万古摧残君讵知,7,-18.085598,23.622007
人生贵贱无终始,18,18.797623,22.192183
倏忽须臾难久恃,6,-25.541403,-36.869297
谁家能驻西山日谁家能堰东流水,7,-13.994834,-32.04106
汉家陵树满秦川,6,-44.140835,-21.178713
行来行去尽哀怜,11,-44.215916,2.5961444
不见朱唇将白貌,6,-19.381561,6.8247733
惟闻素棘与黄泉,9,-39.777016,14.396098
寄言坐客神仙署,4,35.99123,-1.360392
一生一死交情处,12,22.141157,4.628274
云间海上邈难期,16,-12.701998,-24.413094
赤心会合在何时,16,7.0875297,-19.070688
但愿尧年一百万,4,30.826012,-4.5373845
长作巢由也不辞,8,30.391829,11.624178
唯馀诗酒意,8,48.713318,-1.457358
当了一生中,16,14.730462,0.35432395
年华已可乐,2,48.39228,-8.950694
高兴复留人,14,53.23241,-7.3716345
鹅鹅鹅,14,40.80705,-11.039449
南冠客思深,17,-6.0805078,-23.375557
不堪玄鬓影,6,-20.91632,-3.038174
无人信高洁,7,-11.221296,27.230927
谁为表予心,12,20.369492,7.099084
此地别燕丹,3,-23.117367,-15.644397
壮士发冲冠,15,33.69002,32.903297
昔时人已没,6,-34.98518,-18.350948
今日水犹寒,9,-41.338207,-28.14958
未必长如此,19,0.1696491,2.99769
芙蓉不耐寒,13,-43.472744,-11.639139
有人笑我诗,18,9.6846075,30.063625
我诗合典雅,4,32.232574,8.189796
不恨会人稀,16,23.643087,-2.4854167
只为知音寡,3,-31.590826,-27.544382
若遣趁宫商,14,34.576904,2.10582
余病莫能罢,13,-28.196363,15.435043
忽遇明眼人,14,23.428736,-22.448595
即自流天下,4,34.668846,10.152056
吾心似秋月,8,42.08042,-24.398363
碧潭清皎洁,14,33.24649,-23.111124
无物堪比伦,4,32.606667,19.530535
教我如何说,19,-0.25808918,-2.060956
莫嫌没滋味,18,16.235699,17.670866
鬼见拍手笑,14,60.614956,-8.343908
梵志翻着袜,18,37.449444,12.442332
人皆道是错,18,8.343508,20.799484
乍可刺你眼,18,4.927668,34.91623
不可隐我脚,18,24.26942,14.514493
火急报春知,14,24.138939,-13.764299
花须连夜发,14,24.14489,-13.717186
莫待晓风催,16,21.182217,-13.496875
摘绝抱蔓归,14,17.013449,2.1971865
所嗟人异雁,3,-24.127312,-22.096357
不作一行归,16,6.4532213,-8.420433
独有宦游人,17,-10.784813,-19.103127
偏惊物候新,14,8.098431,-1.2707396
归思欲沾巾,17,-4.980596,-20.861776
共有樽中好,2,52.000042,-3.8396351
春情著杏花,0,17.547857,-38.115772
愁思看春不当春,5,-32.291134,-2.860332
寄语洛城风日道,16,11.10759,-23.25978
明年春色倍还人,16,21.653822,-18.27471
知君书记本翩翩,4,33.47019,0.47574446
为许从戎赴朔边,15,39.606003,36.796707
红粉楼中应计日,16,2.466081,-23.262703
燕支山下莫经年,3,-13.884053,-14.453557
迟日园林悲昔游,5,-41.95994,-7.189214
今春花鸟作边愁,5,-39.033028,0.17616539
独怜京国人南窜,17,-13.105122,-8.394743
欢娱宴洽赐群后,2,54.528633,-4.3515487
箫鼓哀鸣白云秋,5,-45.06549,-3.0260391
千龄人事一朝空,6,-35.666748,-18.73519
豪雄意气今何在,6,0.2726471,6.4135776
路逢故老长叹息,11,-38.81151,-10.827057
世事回环不可测,19,-3.6865525,-1.2193726
山川满目泪沾衣,11,-61.13949,2.6118174
富贵荣华能几时,6,-24.906122,-35.937447
江讴越吹相思苦,3,-27.811125,-10.168175
相思苦,3,-27.825964,-10.191303
佳期不可驻,3,-22.392664,-24.199324
佳人不在兹,3,-22.912733,-22.058977
怅望别离时,3,-31.265429,-12.629701
不惜西津交佩解,12,18.908344,34.46309
还羞北海雁书迟,7,-9.808027,18.773197
阁中帝子今何在,6,-37.38506,-19.45763
槛外长江空自流,9,13.302055,-27.288946
与君离别意,3,-25.057093,-15.247036
无为在歧路,16,-2.5480428,-11.315927
儿女共沾巾,12,-63.1218,-6.532306
长江悲已滞,5,-40.64775,-3.8674684
万里念将归,17,-5.125487,-27.86053
人今已厌南中苦,13,-17.495863,42.251617
鸿雁那从北地来,17,4.055032,-21.141935
心中自不平,7,-2.932709,33.592873
宁为百夫长,15,39.238693,37.402428
胜作一书生,4,43.552452,22.23138
洛阳女儿惜颜色,0,-19.123627,4.2004147
行逢落花长叹息,5,-39.07894,-10.644788
此翁头白真可怜,6,-12.466982,-2.47026
须臾鹤发乱如丝,6,-16.863148,0.2381052
惟有黄昏鸟雀悲,5,-45.12422,-4.4992437
可怜杨柳伤心树,11,-48.11146,-13.86124
可怜桃李断肠花,11,-47.995308,-13.988842
愿作轻罗著细腰,0,16.418453,-41.49509
愿为明镜分娇面,0,13.226575,-38.028572
与君相向转相亲,12,20.903082,-30.550621
与君双栖共一身,0,16.574291,-31.28096
愿作贞松千岁古,15,29.805607,42.975533
百年同谢西山日,6,-35.507866,-17.441105
寄语同心伴,12,17.329597,-28.378956
迎春且薄妆,14,30.567678,-17.422792
未知何岁月,19,-0.49057683,-3.6318543
得与尔同归,12,20.165447,-26.429663
南陌征人去不归,3,-27.246058,-14.423378
谁家今夜捣寒衣,17,-7.7481256,-30.175804
雁飞萤度愁难歇,5,-33.585903,-4.034193
明河可望不可亲,3,-23.928679,-19.491093
愿得乘槎一问津,16,30.31473,-9.217692
酣歌一曲太平人,2,49.612167,-7.256367
感物思归怀故乡,17,-2.311229,-25.891273
猿声今夜断君肠,11,-54.653194,-7.1273026
魂随南翥鸟,16,7.983926,-10.414427
泪尽北枝花,11,-45.7533,-11.380308
但令归有日,16,20.502811,-16.437637
我行殊未已,16,-6.963026,0.09196475
何日复归来,17,5.336231,-19.9897
近乡情更怯,10,-9.399469,12.769575
不敢问来人,10,-9.361537,14.594044
可怜闺里月,3,-49.76873,-14.035957
少妇今春意,0,16.169369,-37.393837
良人昨夜情,0,16.732206,-32.624474
谁能将旗鼓,16,28.38116,27.730011
一为取龙城,15,39.073734,34.397373
浮客空留听,9,-17.981346,-22.124565
褒城闻曙鸡,14,22.260998,-14.048648
长歌游宝地,2,41.907227,5.8837743
归路烟霞晚,8,39.998306,-19.42403
不能怀魏阙,7,-6.701989,26.196972
心赏独泠然,8,37.218815,-26.336132
去国离家见白云,17,-8.724223,-18.58266
崇山瘴疠不堪闻,13,-36.484333,15.899074
何时重谒圣明君,16,7.6867437,-18.647568
此日可怜君自许,7,3.4404244,11.574711
此时可喜得人情,14,52.44585,-8.984465
辞君去君终不忍,3,-23.26019,-8.464026
徒劳掩袂伤铅粉,7,-22.546255,5.653191
一代红颜为君尽,0,-14.420379,8.302125
芊蔚何青青,14,31.232363,-19.820757
岁华尽摇落,6,-18.45494,-2.696374
芳意竟何成,7,-16.424427,27.926907
今古缅荒途,6,-34.46389,-20.391737
暴骨无全躯,1,-45.733078,20.19375
谁怜塞上孤,17,-13.897298,-12.536425
昏噎无昼夜,13,-27.873114,17.047369
羽檄复相惊,10,6.8502345,41.174778
籍籍峰壑里,9,9.658775,2.7637353
哀哀冰雪行,11,-43.41369,4.666644
肉食谋何失,18,-0.11200916,26.114216
藜霍缅纵横,18,12.307989,3.380317
哀哀明月楼,5,-43.755695,-4.1789513
每愤胡兵入,1,-4.4536314,33.000195
常为汉国羞,7,-7.133239,31.501835
何知七十战,15,36.691338,29.035679
白首未封侯,7,-16.040476,29.135885
本为贵公子,4,23.33718,30.000927
平生实爱才,12,24.747929,8.200217
感时思报国,15,-8.172772,27.420782
拔剑起蒿莱,15,36.863373,32.163418
怀古心悠哉,16,6.477847,-14.738722
谁言未忘祸,7,-0.16998991,22.318024
独怆然而涕下,11,-57.116287,4.3858995
如何此时恨,7,-4.0350556,30.974108
噭噭夜猿鸣,9,-47.466236,-3.1199474
匈奴犹未灭,1,-4.824331,28.987785
怅别三河道,3,-31.64237,-12.552577
王师非乐战,15,35.658962,29.01491
之子慎佳兵,10,-5.1380544,16.317295
莫卖卢龙塞,16,8.959932,9.266078
归邀麟阁名,4,46.029377,22.349226
今日狂歌客,2,47.902103,1.6195438
谁知入楚来,19,2.8182857,-8.900438
宁知班定远,16,9.814487,9.560553
犹是一书生,18,13.431281,23.195196
少小离家老大回,17,-15.211885,-6.006912
乡音无改鬓毛衰,6,-15.1894,-6.141558
青枫浦上不胜愁,5,-37.358185,-3.3071532
可怜楼上月徘徊,3,-49.847786,-13.947243
应照离人妆镜台,3,-22.12491,-11.193765
愿逐月华流照君,0,7.5032077,-35.31278
可怜春半不还家,3,-50.612473,-14.392883
落月摇情满江树,0,8.015445,-32.4086
良工咨嗟叹奇绝,4,35.22405,-8.46343
何言中路遭弃捐,7,-17.529442,30.430214
虽复沉埋无所用,7,-14.935468,29.630264
犹能夜夜气冲天,15,42.35649,25.176907
死生随玉剑,15,19.790142,25.486185
辛苦向金微,13,-31.536459,22.814272
久戍人将老,6,-34.92393,12.390925
长征马不肥,16,-6.528897,1.6569422
唯有秋风愁杀人,5,-35.25168,0.6596546
能忘迟暮心,16,17.103315,-4.401236
不作边城将,16,8.692658,9.523946
谁知恩遇深,12,17.422443,10.387948
心随湖水共悠悠,8,41.80908,-21.977068
欣欣此生意,14,27.826918,-16.819042
谁知林栖者,19,5.6824517,-0.8120275
闻风坐相悦,14,18.65256,-31.006916
草木有本心,12,21.938663,7.822541
何求美人折,0,13.974322,-39.23698
岂伊地气暖,14,18.874617,-0.85254234
自有岁寒心,15,29.87754,42.92875
奈何阻重深,7,-10.229035,-5.6181626
运命唯所遇,7,-16.518164,35.302956
循环不可寻,19,-3.0806286,-1.6623839
徒言树桃李,18,10.191769,21.49256
此木岂无阴,14,18.767944,-0.82834256
情人怨遥夜,3,-24.50834,-5.4100327
竟夕起相思,17,3.4991245,-35.033985
不堪盈手赠,3,-20.956106,-3.208947
自君之出矣,3,-20.17453,-10.576881
不复理残机,7,4.631276,7.4582067
思君如满月,0,5.0707064,-35.21576
秋来不堪著,5,-44.73372,-9.791324
打起黄莺儿,14,5.871468,13.947118
莫教枝上啼,5,-16.053186,-14.582385
不得到辽西,3,-10.835303,1.539533
欲穷千里目,16,45.017086,15.533981
更上一层楼,4,44.906746,15.607227
羌笛何须怨杨柳,5,-40.76906,-0.78169817
日暮忧思多,5,-32.362648,0.68869597
人生知几何,6,-23.594007,-35.984093
叹凤嗟身否,7,-13.128676,-41.160114
伤麟怨道穷,7,-16.199284,31.526073
乘时方在德,4,29.60713,16.719719
嗟尔勒铭才,7,-14.348041,-42.87479
夷夏虽有殊,18,7.31563,19.33033
气味终不改,12,31.927307,43.555576
隐者自怡悦,8,46.37108,-13.141903
愁因薄暮起,5,-32.930447,-0.2110524
兴是清秋发,16,37.03214,-4.260709
何当载酒来,16,14.797168,-17.198324
共醉重阳节,2,51.532635,-4.5853977
忆与君别时,3,-23.024239,-13.209614
归来恨如失,7,-24.353237,-3.8851833
襄阳美会稽,14,27.793915,-11.75651
最高唯望楚,16,12.980522,-0.6191122
晴明试登陟,14,43.017857,-6.8273234
暝还归骑下,16,-50.92463,-25.630058
恨无知音赏,3,-24.221628,-4.707386
感此怀故人,17,-1.6033622,-26.42352
中宵劳梦想,16,5.1208377,-12.232452
余亦乘舟归鹿门,8,47.800762,-19.149374
唯有幽人自来去,8,38.359463,-28.508512
水清心亦闲,8,43.315083,-23.209867
求之不可得,7,-21.699394,-21.938576
沿月掉歌还,16,15.615439,-9.726265
孤琴候萝径,9,37.71253,-29.017397
余意在山水,8,43.63023,-19.664736
闻之谐夙心,14,24.287418,-5.80952
待到重阳日,16,20.17541,-17.832088
还来就菊花,8,50.779247,-14.064134
北阙休上书,7,-13.25697,28.629572
南山归弊庐,8,48.23891,-18.733614
不才明主弃,7,-13.923746,30.84252
多病故人疏,6,-30.10063,10.397325
永怀愁不寐,5,-33.592976,-0.9632783
乡泪客中尽,17,-5.9213786,-20.758614
迷津欲有问,19,0.5557134,-4.7586203
山暝听猿愁,5,-34.961018,-4.6179
建德非吾土,17,-9.146652,-21.385508
还将两行泪,11,-60.19021,-2.4510052
荣期乐自多,2,48.159054,-9.314393
读罢泪沾巾,11,-60.12049,0.38708568
衡门犹未掩,8,29.333454,7.690573
伫立待夫君,0,5.4640517,-25.21531
欲济无舟楫,7,-16.170818,24.795986
端居耻圣明,7,-7.031963,22.648218
徒有羡鱼情,7,-20.508522,-21.97728
永怀尘外踪,8,8.131302,-15.6989565
日暮但闻钟,9,33.80537,-27.586288
遑遑三十载,13,-18.170666,-33.164036
书剑两无成,7,-16.605612,28.771688
风尘厌洛京,7,-16.846792,42.34395
且乐杯中物,2,50.179447,-3.9749916
谁论世上名,8,20.783966,22.493933
一坐凛生寒,10,-2.9895446,14.517053
相看似相识,19,18.401897,-23.031385
脉脉不得语,0,2.5353994,-41.581493
挂席东南望,16,14.296408,-12.89756
问我今何适,19,3.5738277,-0.7007833
花落知多少,6,-26.499449,-24.452564
日暮客愁新,5,-32.92725,0.93841773
宝剑值千金,4,21.692812,33.287617
平生一片心,12,20.925344,7.5410013
扁舟共济与君同,12,18.102962,-27.417213
何处青山是越中,19,11.218918,-14.106736
天涯一望断人肠,3,-55.28718,-9.43564
云海去愁人,16,26.69222,-4.805247
因怀故园意,17,-2.888887,-26.358181
窜谪边穷海,13,-12.774028,-8.504196
故乡可忆处,17,-3.6616042,-26.385422
张公性嗜酒,2,45.75296,-3.4655478
豁达无所营,8,38.161346,8.554085
兴来洒素壁,2,44.843727,-5.4513626
挥笔如流星,15,35.099968,11.475383
问家何所有生事如浮萍,13,-11.844525,-15.098662
微禄心不屑,18,24.65915,25.849424
放神于八纮,8,40.18823,13.509727
赌胜马蹄下,2,49.73666,26.226206
由来轻七尺,18,23.566626,21.86746
杀人莫敢前,1,2.2258894,39.84275
须如猬毛磔,10,3.8201187,35.85916
未得报恩不得归,7,-7.921007,25.644243
使我三军泪如雨,11,-61.390297,4.2817307
公主琵琶幽怨多,5,-42.468033,-0.021815725
胡雁哀鸣夜夜飞,5,-45.251472,-3.2603438
胡儿眼泪双双落,11,-61.97574,1.7535127
年年战骨埋荒外,1,-47.859615,16.604061
空见蒲桃入汉家,6,-14.215614,21.18037
有志飞鸣人岂知,7,27.692804,21.341122
共笑狂歌非远图,2,48.14348,2.132807
还是昂藏一丈夫,15,41.084175,27.780329
不叹举家无担石,4,30.456144,13.5842905
莫言贫贱长可欺,15,28.11642,24.662352
覆篑成山当有时,4,40.751804,16.869177
莫言富贵长可托,18,15.823636,19.636185
木槿朝看暮还落,6,-26.323027,-34.918175
五湖三江愁杀人,5,-35.341175,-0.16978642
客有归欤叹,17,-10.441525,-26.113565
凄其霜露浓,9,-42.040646,-24.902918
鸿雁不堪愁里听,5,-38.543198,-4.2057095
莫见长安行乐处,18,7.3543797,11.009155
空令岁月易蹉跎,6,-19.780113,-31.943527
羡尔城头姑射山,8,33.237885,-6.74103
莫学游侠儿,18,6.7492423,11.714823
矜夸紫骝好,4,38.650097,22.418934
昔日长城战,1,-48.003555,21.834558
咸言意气高,15,42.044834,23.836628
黄尘足今古,6,13.894494,-21.514612
白骨乱蓬蒿,1,-46.82862,15.556717
黄昏独坐海风秋,9,-39.221134,-27.41041
无那金闺万里愁,5,-31.820679,-5.09658
总是关山旧别情,3,-21.64193,-13.044388
撩乱边愁听不尽,5,-38.910397,-0.58329463
不破楼兰终不还,15,38.111507,37.375214
万里长征人未还,17,-8.320517,-12.193431
但使龙城飞将在,15,37.291653,35.18858
不教胡马度阴山,15,35.138374,36.060684
欲卷珠帘春恨长,5,-27.332464,-5.84517
卧听南宫清漏长,9,31.216303,-34.43015
玉颜不及寒鸦色,18,-18.729094,7.161114
平阳歌舞新承宠,4,55.087658,17.301605
闺中少妇不知愁,0,16.64466,-37.006397
悔教夫婿觅封侯,7,-24.426077,-1.882049
钱塘江畔是谁家,19,4.60029,-2.120115
今日公然来浣纱,14,27.70464,8.854415
平明送客楚山孤,9,-26.929869,-17.476553
洛阳亲友如相问,12,11.523053,-23.451344
醉别江楼橘柚香,16,-8.117709,-35.723686
愁听清猿梦里长,5,-35.447132,-3.718042
分付鸣筝与客心,12,22.88792,-7.0222697
断弦收与泪痕深,11,-56.659306,-1.3946238
醉卧沙场君莫笑,2,50.477024,1.5126909
古来征战几人回,1,-48.18704,18.775103
鄙哉匹夫节,18,6.7055674,31.49573
感激有公议,12,22.17286,11.13526
曲私非所求,18,12.214969,18.073835
贱子跪自陈可为帐下不,18,-4.1599765,22.041954
即此羡闲逸,8,42.850346,-18.77817
怅然吟式微,5,-33.1162,-12.611018
果然惬所适,14,46.89051,-11.572835
笑谢桃源人,8,48.891235,-14.712781
临觞忽不御,7,-19.56585,-19.537214
惆怅思远客,5,-33.30958,-11.271435
圣代无隐者,4,37.56877,17.920338
英灵尽来归,15,25.112707,38.362038
吾谋适不用,7,-14.02715,29.814268
勿谓知音稀,12,24.479525,-1.5099946
明时久不达,7,-14.765821,28.882072
弃置与君同,12,9.380769,11.578169
天命无怨色,18,17.567108,23.759932
人生有素风,8,30.864143,9.275848
无庸客昭世,18,11.144338,18.68357
衰鬓日如蓬,6,-18.767717,-0.37459844
余亦从此去,16,-2.1438854,-10.716629
归耕为老农,8,48.57035,-18.194035
他乡绝俦侣,17,-11.626067,-18.321215
孤客亲憧仆,16,-15.642232,-27.242508
此去欲何言,19,-2.5721407,-6.0409994
艳色天下重,4,37.69797,2.8727317
西施宁久微,4,22.76773,14.738819
贱日岂殊众,18,8.532878,24.475067
贵来方悟稀,18,13.822798,19.452751
持谢邻家子,18,15.818958,7.6300898
效颦安可希,18,7.699223,22.606117
百人会中身不预,7,-12.60537,30.26243
五侯门前心不能,7,-14.990554,27.10583
我心不说君应知,0,12.018616,-32.055992
肯作徒尔一男儿,15,32.77406,29.576893
自怜碧玉亲教舞,0,-18.436024,4.528796
不惜珊瑚持与人,4,18.969147,34.39119
谁怜越女颜如玉,0,-18.886377,4.338737
贫贱江头自浣纱,8,28.035532,9.128323
关西老将不胜愁,5,-37.784874,0.8876471
驻马听之双泪流,11,-60.42078,0.0940543
肯数邺下黄须儿,4,33.405407,22.274986
汉兵奋迅如霹雳,15,44.47402,31.73337
虏骑崩腾畏蒺藜,10,10.061921,38.81556
卫青不败由天幸,7,-15.507786,35.721313
李广无功缘数奇,7,-15.620627,35.16207
誓令疏勒出飞泉,15,36.080265,37.84283
不似颍川空使酒,7,5.536,21.531475
愿得燕弓射天将,15,37.376526,33.9601
耻令越甲鸣吾君,15,30.510916,31.520327
犹堪一战取功勋,15,41.506954,30.508154
秦兵益围邯郸急,1,6.033978,42.549934
魏王不救平原君,1,-10.557593,31.610947
非但慷慨献奇谋,15,42.669643,27.398653
意气兼将生命酬,15,41.51496,25.527353
向风刎颈送公子,15,37.725464,42.62631
七十老翁何所求,8,26.323767,20.528866
惊闻俗客争来集,10,7.921338,0.09271432
不疑灵境难闻见,19,4.1313744,-4.0388846
尘心未尽思乡县,17,-5.504157,-25.976597
不辨仙源何处寻,19,3.288339,-4.079845
回看射雕处,16,9.160816,6.4159803
千里暮云平,16,36.736897,-16.526073
相逢方一笑,14,22.104439,-24.522093
相送还成泣,11,-61.63141,-3.10051
祖帐已伤离,3,-25.802595,-13.327007
荒城复愁入,5,-35.986866,1.0989667
望君犹伫立,0,5.5527596,-24.946869
兴阑啼鸟换,9,19.13097,-10.275346
坐久落花多,9,-40.0603,-35.609455
复值接舆醉,2,47.81661,-2.1908314
狂歌五柳前,2,47.73697,1.4014549
欲投人处宿,16,17.084661,-18.83723
兴来每独往,8,41.316433,-28.701694
胜事空自知,9,37.444206,-29.580162
偶然值林叟,14,22.699707,-24.16028
谈笑无还期,16,1.0437143,5.247118
薄暮空潭曲,9,35.317158,-27.93476
安禅制毒龙,8,44.059677,-24.49914
不敢倚先贤,10,-9.358103,15.771461
清镜览衰颜,6,-17.04325,-1.3718804
借问袁安舍,19,4.1886005,-0.101202264
翛然尚闭关,8,39.115353,-26.846441
当令外国惧,15,48.926678,23.269783
不敢觅和亲,10,-9.573903,14.146183
忘身辞凤阙,15,40.94942,38.43653
报国取龙庭,15,38.21204,37.075195
岂学书生辈,15,32.51823,26.889565
应逐使臣星,16,25.797398,4.4338484
怜君不得意,7,-12.346111,-3.4442058
况复柳条春,14,29.298931,-17.959135
羞为献纳臣,7,-7.9635696,19.958988
襄阳好风日,14,27.81615,-11.781007
留醉与山翁,2,49.46349,-3.6546729
晚年惟好静,8,42.042328,-26.298664
万事不关心,8,21.684526,23.505054
老来懒赋诗,6,-14.688588,1.8336782
惟有老相随,6,-15.187078,0.09175934
不能舍余习,18,3.6982641,9.397743
偶被世人知,18,9.34884,19.978071
此心还不知,19,-0.2086719,-3.5188668
酌酒与君君自宽,2,49.676556,-2.3021803
人情翻覆似波澜,18,-4.042227,-0.53473026
世事浮云何足问,8,20.564236,22.653267
不如高卧且加餐,8,41.19125,-17.659554
朝罢须裁五色诏,4,20.056658,39.44732
佩声归向凤池头,4,45.586143,22.78054
海鸥何事更相疑,19,1.2583998,14.005771
君自故乡来,17,-4.0040884,-30.367884
应知故乡事,17,-4.0705943,-30.514524
愿君多采撷,12,10.573446,-24.386576
此物最相思,0,4.3686266,-34.428234
家住水东西,16,11.272943,-10.596492
独坐幽篁里,9,38.84701,-28.841372
弹琴复长啸,8,42.239704,-28.944141
明月来相照,12,24.175856,-28.26398
王孙归不归,19,1.9731289,-19.94303
独在异乡为异客,17,-9.691894,-19.935913
每逢佳节倍思亲,17,-1.9813789,-25.009354
纵死犹闻侠骨香,15,38.637356,40.95701
劝君更尽一杯酒,3,-24.674753,-16.254179
西出阳关无故人,3,-26.45343,-15.232779
唯有相思似春色,0,6.598286,-33.549675
清风明月苦相思,5,-28.631222,-9.927613
荡子从戎十载余,17,-7.437762,-11.956484
征人去日殷勤嘱,12,-2.9505692,-14.545614
归雁来时数附书,16,5.051718,-22.050707
童稚不识衣冠,18,13.192554,5.68275
一瓢颜回陋巷,8,29.38331,13.166585
五柳先生对门,8,29.373055,7.3998833
莺啼山客犹眠,8,39.09137,-23.174574
须尽丘壑美,14,39.513958,-6.5558853
莫学武陵人,18,6.5650816,11.371988
才入维扬郡,16,10.141514,-7.2641997
乡关此路遥,17,-7.7038217,-21.896608
客衣今日薄,13,-36.507362,8.692648
寒气近来饶,10,-41.866882,-30.93391
燕台一去客心惊,5,-38.751705,4.264792
少小虽非投笔吏,15,41.522358,35.415607
论功还欲请长缨,15,40.284637,34.841805
石矶西畔问渔船,19,3.648785,-1.907954
洞在清溪何处边,19,3.3313725,-3.7979746
莫为轻阴便拟归,19,5.249444,9.595756
纵使晴明无雨色,14,29.570692,-13.595897
大雅久不作,7,-29.232386,-24.124645
吾衰竟谁陈,6,-23.00801,10.667133
正声何微茫,9,-17.574043,-38.417084
哀怨起骚人,5,-44.186115,0.65726286
我志在删述,15,30.143547,34.840973
垂辉映千春,14,56.17716,12.937513
希圣如有立,4,29.48189,34.07857
绝笔于获麟,7,-21.504528,11.788139
虎视何雄哉,15,43.040684,29.46097
茫然使心哀,5,-52.12194,-19.864435
何由睹蓬莱,19,10.777604,-15.772493
楼船几时回,16,5.7327023,-18.677233
齐有倜傥生,4,33.12801,17.205803
鲁连特高妙,4,32.753757,16.807913
后世仰末照,4,11.676745,-1.6568701
意轻千金赠,4,23.542347,23.114492
顾向平原笑,14,58.440716,-8.451854
吾亦澹荡人,8,45.267258,-24.300146
拂衣可同调,8,30.750446,10.073372
喧呼救边急,1,6.509971,42.318214
长号别严亲,11,-62.37523,-3.4554815
日月惨光晶,1,-39.727123,17.08513
泣尽继以血,1,-46.02761,19.28568
心摧两无声,11,-51.127003,6.8075333
困兽当猛虎,15,34.202293,28.03602
穷鱼饵奔鲸,18,16.3112,14.717071
千去不一回,16,6.1582956,-7.9410844
投躯岂全生,15,39.186417,40.285675
笑杀邯郸人,18,60.29814,-8.856967
雕虫丧天真,7,-22.5931,11.59095
安得郢中质,16,10.063238,-17.499125
一挥成风斤,4,35.09585,11.253411
白发死章句,6,-22.61207,10.767306
茫如坠烟雾,19,1.6460804,-6.0314403
君非叔孙通,18,6.1262727,18.952559
与我本殊伦,18,7.3505683,18.827534
时事且未达,7,-14.021855,23.987612
归耕汶水滨,8,48.467815,-18.376057
宠极爱还歇,18,14.03435,20.791576
妒深情却疏,18,-8.618658,39.49843
君情与妾意,0,17.126648,-31.265162
各自东西流,3,-10.0659485,-16.572123
以色事他人,18,-17.319668,7.0022273
能得几时好,6,-25.085443,-35.02591
狂风吹我心,16,-54.745777,3.218549
此情不可道,0,3.0112226,-40.271877
此别何时遇,3,-25.554127,-14.460472
怀古钦英风,4,11.288626,-2.0331237
叹息此人去,3,-30.254139,-13.995025
萧条徐泗空,9,-39.921562,-23.691776
欢言得所憩,14,46.5506,-11.08321
美酒聊共挥,2,50.44814,-2.5946617
我醉君复乐,2,51.24265,-3.7719524
陶然共忘机,8,46.92636,-13.672681
引领意无限,16,34.181908,-2.4116442
心中与之然,12,23.99267,-5.571475
托兴每不浅,8,37.110218,-3.1391687
何当造幽人,16,14.671373,-17.131296
灭迹栖绝巘,9,9.594513,2.9549267
处世若大梦,8,-3.4987836,-4.218879
胡为劳其生,7,-21.461418,21.94928
所以终日醉,2,47.956627,-3.7144947
颓然卧前楹,8,20.215624,-10.506852
感之欲叹息,7,-26.664095,2.7733636
对酒还自倾,2,49.323265,-1.7530317
浩歌待明月,16,43.29713,3.8308759
曲尽已忘情,8,-17.251173,-21.836496
独酌无相亲,9,-32.933247,-28.806757
行乐须及春,2,57.218674,-1.4785482
永结无情游,8,33.76002,-2.9107397
相期邈云汉,16,-12.632791,-24.5703
羞颜未尝开,10,-8.541181,18.214928
感此伤妾心,11,-52.404064,-2.375487
坐愁红颜老,5,-28.174234,-0.6219588
思归多苦颜,5,-30.13856,-7.809483
叹息未应闲,7,-27.47529,2.7517066
总是玉关情,17,-21.328772,-13.077863
何日平胡虏,15,36.399876,34.847256
良人罢远征,12,24.571909,-3.7320793
那堪把剪刀,7,-11.504516,2.2508192
几日到临洮,16,12.090332,-16.451483
拖船一何苦,13,-32.78823,21.362087
心摧泪如雨,11,-58.642403,0.62597567
掩泪悲千古,11,-57.81929,5.6338296
不觉鬓成丝,6,-17.101305,-0.50409037
为我一挥手,16,31.868889,4.8071756
客心洗流水,8,28.434626,-29.58651
世人见我恒殊调,18,8.073021,18.518648
闻余大言皆冷笑,18,8.022506,30.178709
丈夫未可轻年少,15,39.820534,25.542742
笑杀山公醉似泥,2,60.040047,-8.630278
泪亦不能为之堕,15,21.313215,19.26086
心亦不能为之哀,18,21.337317,19.36125
李白与尔同死生,15,22.133486,4.966841
噫吁嚱,19,-18.516504,-43.7863
危乎高哉,10,-16.102396,12.367908
蜀道之难难于上青天,10,-16.434803,13.14358
猿猱欲度愁攀援,10,-16.829279,13.665775
以手抚膺坐长叹,11,-26.751068,4.2947273
问君西游何时还,19,3.3342628,-19.048237
畏途巉岩不可攀,10,-15.644364,13.61742
又闻子规啼夜月,5,-47.849926,-10.017173
愁空山,5,-34.991844,-2.7727504
蜀道之难难于上青天,10,-16.436111,13.139235
使人听此凋朱颜,11,-20.534027,1.3889658
嗟尔远道之人胡为乎来哉,19,0.42058223,-17.405739
锦城虽云乐,14,26.492035,-9.642755
不如早还家,17,-5.323317,-14.666357
蜀道之难难于上青天,10,-16.436111,13.139235
侧身西望长咨嗟,7,-20.4134,-39.393143
停杯投箸不能食,7,-31.622707,13.659356
拔剑四顾心茫然,7,-52.146877,-19.922989
行路难,7,-17.632166,15.799924
多歧路,19,-0.4316818,-5.533512
今安在,19,1.0039932,1.3439878
长风破浪会有时,15,41.701572,17.179916
直挂云帆济沧海,15,41.88799,17.20807
万里长征战,15,40.59296,31.280483
三军尽衰老,6,-34.934692,12.403456
野战格斗死,1,-46.545483,20.62322
败马号鸣向天悲,1,-48.025383,12.824542
乌鸢啄人肠,1,-39.582355,16.158361
衔飞上挂枯树枝,16,9.560999,4.4651203
士卒涂草莽,1,-46.350502,22.520428
将军空尔为,7,-9.874675,31.767212
乃知兵者是凶器,1,1.8932528,41.425644
圣人不得已而用之,18,11.486245,18.146872
孤灯不明思欲绝,5,-29.199614,-10.747276
卷帷望月空长叹,3,-32.46807,-15.617217
天长路远魂飞苦,5,-29.294115,-8.66334
长相思,0,2.0396376,-35.313023
摧心肝,11,-51.067142,7.3299756
月明如素愁不眠,5,-33.308155,-4.7563534
此曲有意无人传,7,-30.302645,-25.259016
忆君迢迢隔青天,3,-23.75361,-19.174389
昔日横波目,0,13.401432,-36.800915
今作流泪泉,11,-57.891365,0.5459899
不信妾断肠,0,-62.234978,-9.162309
归来看取明镜前,19,7.233868,-11.243174
何时见阳春,16,8.331761,-19.88984
狂客落魄尚如此,18,36.333138,9.378913
何况壮士当群雄,15,41.2234,27.243795
白日不照吾精诚,7,-12.106878,27.994768
杞国无事忧天倾,10,-3.8496997,12.550182
世人见我轻鸿毛,18,11.335026,27.391796
梁甫吟,7,-21.605886,-43.3054
声正悲,11,-48.186947,4.95213
阻积雪兮心烦劳,13,-30.312054,4.4796305
愀空山而愁人,5,-34.99681,-8.0056095
吾诚不能学二子沽名矫节以耀世兮,18,5.994965,22.822632
固将弃天地而遗身,15,24.025988,21.621756
白鸥兮飞来,14,35.99639,-15.633003
长与君兮相亲,0,16.660875,-31.064322
君不见高堂明镜悲白发,6,-15.729775,-1.9747455
朝如青丝暮成雪,6,-16.062057,-2.2652962
人生得意须尽欢,2,53.188335,-1.6666764
莫使金樽空对月,16,27.861443,-23.432568
天生我材必有用,4,42.56728,20.367136
千金散尽还复来,2,42.72431,20.106949
烹羊宰牛且为乐,2,53.725285,-2.2273302
会须一饮三百杯,2,51.68913,1.0471756
将进酒,2,51.78789,1.5476395
杯莫停,2,52.75591,-0.0095629115
钟鼓馔玉不足贵,18,23.628508,25.101841
但愿长醉不复醒,2,47.27584,-3.0985162
古来圣贤皆寂寞,7,-29.452969,-26.679575
惟有饮者留其名,2,49.020386,-0.32327712
五花马,2,21.494047,33.980587
千金裘,4,21.488195,33.625797
呼儿将出换美酒,2,51.47784,0.26924115
与尔同销万古愁,5,27.340776,-5.0193324
西岳峥嵘何壮哉,4,47.485878,15.4444
黄河万里触山动,15,46.393044,30.367327
盘涡毂转秦地雷,15,46.495316,31.093884
荣光休气纷五彩,4,56.113224,12.8480835
千年一清圣人在,4,27.758698,16.493113
巨灵咆哮擘两山,15,46.50504,30.63718
洪波喷箭射东海,15,46.234303,30.442394
我皇手把天地户,4,52.66945,22.122248
丹丘谈天与天语,8,36.010693,-1.4217116
朗如行玉山,4,35.3414,13.906122
万里写入胸怀间,15,44.438267,11.232369
金高南山买君顾,4,20.606348,31.29294
徘徊六合无相知,9,-32.44187,-25.911928
飘若浮云且西去,16,17.24169,-12.952843
不惬还归家,7,-32.311543,6.54471
朱颜谢春晖,6,-20.88743,-0.622064
白发见生涯,13,-22.364319,14.31978
白云堪卧君早归,8,44.544773,-17.948847
青天有月来几时,19,2.3904405,-2.9540534
我今停杯一问之,19,2.8957205,-0.83846074
嫦娥孤栖与谁邻,9,-29.567669,-21.215126
唯愿当歌对酒时,2,50.439484,-1.7184945
月光长照金樽里,16,28.52443,-23.817537
我本楚狂人,2,46.72377,2.1090667
凤歌笑孔丘,4,41.05176,19.11186
五岳寻仙不辞远,15,40.901592,3.7634661
一生好入名山游,8,40.915768,3.7247136
好为庐山谣,8,37.831367,-4.7742233
兴因庐山发,8,37.67384,-4.603922
愿接卢敖游太清,16,31.121317,-8.699549
一醉累月轻王侯,2,48.47927,0.01686701
不忍别,3,-22.400215,-7.864073
还相随,12,18.865059,-19.519987
感君贵义轻黄金,12,21.047932,9.997582
使我醉饱无归心,2,47.689236,-5.0627246
此时行乐难再遇,16,58.196068,-1.4129243
问余别恨今多少,3,-0.7221172,-18.02372
言亦不可尽,19,-0.4896454,-1.955561
情亦不可及,3,-21.789295,-21.790596
寄君千里遥相忆,0,3.2024977,-32.855785
我欲因之梦吴越,16,31.519033,-10.03588
一夜飞度镜湖月,16,32.333042,-11.70411
忽魂悸以魄动,10,-4.155112,8.747404
恍惊起而长嗟,19,-3.5872874,8.512032
世间行乐亦如此,2,58.349594,-4.0227323
古来万事东流水,6,19.893192,23.014442
别君去兮何时还,3,-25.719406,-14.405837
安能摧眉折腰事权贵,15,28.76211,25.816677
使我不得开心颜,7,-19.141623,26.464798
下有伤心之春草,5,-41.57741,-10.35378
正当今夕断肠处,11,-55.848324,-9.104388
骊歌愁绝不忍听,5,-31.69316,-6.739258
吴歌楚舞欢未毕,2,54.20702,-5.1618166
东方渐高奈乐何,7,-19.448301,-17.339035
唯有北风号怒天上来,1,3.1644692,38.441933
念君长城苦寒良可哀,11,-42.304665,4.129675
箭空在,7,2.7842238,6.2636304
人今战死不复回,1,-47.182713,19.587395
不忍见此物,11,-22.079058,-6.9309964
焚之已成灰,6,-48.925476,-29.122114
北风雨雪恨难裁,5,-36.99311,3.2755508
谁人不言此离苦,3,-28.661604,-7.864962
我纵言之将何补,7,-13.184062,26.721268
皇穹窃恐不照余之忠诚,10,-10.781016,28.452517
恸哭兮远望,11,-56.065228,8.965783
帝子泣兮绿云间,11,-54.734486,-3.650717
弃我去者昨日之日不可留,7,-17.835913,-17.114086
乱我心者今日之日多烦忧,5,-30.479586,4.038766
抽刀断水水更流,7,-14.057449,-32.041206
举杯消愁愁更愁,5,-30.88535,0.07251797
人生在世不称意,7,-18.7187,26.90039
明朝散发弄扁舟,8,42.86272,-15.800704
楚歌吴语娇不成,18,-12.656973,3.0610282
似能未能最有情,0,12.583634,-33.8256
谢公正要东山妓,8,32.38516,1.9107242
携手林泉处处行,8,44.477158,-19.975847
人非元气,18,13.715018,16.69306
安得与之久徘徊,16,9.586202,-17.426722
羲和羲和汝奚汩没于荒淫之波,18,-0.34277156,33.970024
逆道违天,1,0.037015136,32.379673
矫诬实多,18,0.75879925,30.716463
吾将囊括大块,15,41.09425,14.53897
浩然与溟涬同科,8,39.957485,13.42753
肠断非关陇头水,3,-55.774113,-8.412325
泪下不为雍门琴,11,-54.577637,0.29436117
巨鳌未斩海水动,10,3.879714,24.290266
鱼龙奔走安得宁,10,3.4406502,24.522982
贤哲栖栖古如此,7,-21.768389,14.698721
今时亦弃青云士,7,-14.44541,30.805038
溧阳酒楼三月春,14,29.993261,-18.461805
杨花茫茫愁杀人,5,-36.456264,-1.8667955
胡雏绿眼吹玉笛,18,8.013267,13.281473
吴歌白纻飞梁尘,14,35.160095,1.6183043
丈夫相见且为乐,2,53.61107,-1.3211007
槌牛挝鼓会众宾,2,55.629086,6.96422
洛阳城中人怨嗟,5,-41.617275,2.526499
我亦东奔向吴国,16,25.39857,4.059928
意气相倾山可移,15,45.380016,25.558668
开心写意君所知,2,46.679367,-7.976791
抚长剑,15,38.63435,30.867195
一扬眉,14,36.04265,11.636456
脱吾帽,2,36.85546,11.795989
向君笑,14,58.206097,-8.414253
为君吟,12,31.754627,4.706117
桥边黄石知我心,12,12.328758,-31.620853
咆哮万里触龙门,15,46.27407,30.411318
尧咨嗟,7,7.116956,16.451914
公无渡河苦渡之,1,-22.859701,16.79811
公乎公乎挂罥于其间,13,-25.060572,21.469053
箜篌所悲竟不还,11,-50.11789,-6.3563952
我欲弯弓向天射,15,38.322945,32.458553
惜其中道失归路,7,-20.673798,-28.856415
客无所托,9,-11.796402,-16.803076
悲与此同,11,-48.10704,4.9881167
国耻未雪,1,-6.8556447,31.989063
何由成名,7,-13.300119,24.114817
为君一击,15,39.243725,31.353848
鹏搏九天,15,42.161198,15.143031
载妓随波任去留,2,47.091507,-6.9005923
兴酣落笔摇五岳,2,48.205864,4.9937577
诗成笑傲凌沧洲,4,41.418972,19.236853
功名富贵若长在,18,15.82868,19.756826
心摇目断兴难尽,0,8.996311,-30.85245
几时可到三山巅,16,29.91784,-8.490542
若待功成拂衣去,8,30.142542,10.734216
武陵桃花笑杀人,14,61.047306,-9.499439
愁倚两三松,5,-34.019375,-2.6464586
仍怜故乡水,17,-3.4837837,-27.213654
万里送行舟,16,-0.8954198,-12.907115
宫中谁第一,18,5.223694,18.199717
愿将腰下剑,15,37.686962,33.867683
直为斩楼兰,15,38.897766,34.08129
功成画麟阁,4,46.354797,22.075848
独有霍嫖姚,4,33.227905,21.621212
玉关殊未入,16,-6.1938787,-8.88512
少妇莫长嗟,16,11.9998665,9.277683
吾爱孟夫子,12,25.256699,7.7825103
高山安可仰,4,11.635631,-1.4404955
徒此揖清芬,16,13.058672,-2.6016731
何时石门路,19,12.38194,-15.750955
重有金樽开,2,52.540455,-3.1681802
飞蓬各自远,17,-10.004918,-16.449617
且尽手中杯,2,52.329853,-0.25350538
此地一为别,3,-25.200647,-14.901664
孤蓬万里征,17,-10.05793,-15.459204
浮云游子意,17,-8.671856,-16.439295
落日故人情,12,-1.4586915,-32.382298
挥手自兹去,16,-2.59686,-10.819113
萧萧班马鸣,3,-24.784714,-13.54701
升沉应已定,18,18.193493,23.206236
不必问君平,8,26.308659,1.8926324
谁念北楼上,17,-14.717496,-25.286818
临风怀谢公,16,6.803067,-15.601745
空忆谢将军,17,-15.384566,-23.10627
余亦能高咏,2,46.148205,6.305504
斯人不可闻,7,-32.178333,-20.704565
寂寥无所欢,9,-35.23311,-25.359793
令人惭漂母,7,-10.491385,21.436674
三谢不能餐,7,-31.445429,14.105651
长安不见使人愁,5,-37.161194,-0.7541973
玲珑望秋月,0,29.448698,-25.613941
低头思故乡,17,-2.4980133,-25.44003
白发三千丈,7,-21.912712,10.285542
缘愁似个长,5,-30.251823,-1.2808785
众鸟高飞尽,9,37.091408,-33.68304
孤云独去闲,8,40.31305,-29.430878
相看两不厌,12,21.425072,-28.822853
只有敬亭山,9,37.430958,-30.522295
还应酿老春,16,22.03879,-11.710513
夜台无李白,3,-32.04736,-20.775114
沽酒与何人,19,-14.622266,-26.543566
思君不见下渝州,3,-23.20033,-17.536837
孤帆一片日边来,14,36.525562,-15.115967
狂客归舟逸兴多,2,47.055832,0.61640793
吾将此地巢云松,8,44.44791,-18.185167
疑是银河落九天,4,47.6538,14.28553
孤帆远影碧空尽,3,-25.584074,-17.362318
我寄愁心与明月,5,-30.006552,-5.3971977
随风直到夜郎西,16,1.2072458,-13.006458
菱歌清唱不胜春,14,31.2367,-18.434868
只今惟有西江月,16,11.842316,-12.565831
一叫一回肠一断,11,-54.593624,-8.723447
三春三月忆三巴,17,-2.1919875,-28.15875
千里江陵一日还,2,50.095627,11.34169
湘浦南迁莫怨嗟,16,19.286695,16.825438
怜君不遣到长沙,7,-12.30053,-3.407935
一为迁客去长沙,17,-12.274954,-7.906822
西望长安不见家,17,-7.162762,-22.409891
我醉欲眠卿且去,2,49.121212,-3.4619417
明朝有意抱琴来,0,8.607071,-25.39205
试借君王玉马鞭,4,35.83904,23.525274
指挥戎虏坐琼筵,4,52.15432,23.523094
南风一扫胡尘静,14,50.798553,17.623058
西入长安到日边,4,43.441635,14.074026
少妇今如此,7,-11.261994,5.2758837
长城恨不穷,7,-4.307689,27.809282
君看似花处,0,13.753425,-36.55867
偏在洛城中,19,10.135091,-9.285583
谁将月里同,19,7.6851974,-23.600462
今夜偏知春气暖,14,27.765678,-19.019676
朝日残莺伴妾啼,3,-46.59503,-11.205116
暝色况复久,9,-50.89027,-25.625158
秋声亦何长,9,-45.019333,-24.934679
孤舟兼微月,9,35.830223,-28.592714
独夜仍越乡,17,-11.093228,-18.803547
咏思劳今夕,16,5.8851295,-12.93506
江汉遥相望,17,-11.382548,-23.971956
乡书何处达,17,-7.613978,-22.69525
归雁洛阳边,17,-7.0622587,-21.795681
风烟万里愁,5,-36.53045,-0.7704204
征马去翩翩,16,16.347582,-14.653479
单于莫近塞,1,10.7040825,41.331627
都护欲临边,15,10.964373,42.009808
功成须献捷,15,47.99292,21.642056
此地空余黄鹤楼,6,-37.12297,-19.571835
白云千载空悠悠,9,35.896343,-33.412693
烟波江上使人愁,5,-37.294422,-3.066976
借问路旁名利客,18,17.27046,28.990839
何如此处学长生,8,31.234695,-8.156359
君家何处住,19,2.6124241,-16.893642
妾住在横塘,0,11.281643,-10.754132
或恐是同乡,19,17.663471,-22.473701
同是长干人,12,22.189352,-5.598452
生小不相识,19,4.4984508,3.4122381
万里不惜死,15,38.719288,39.58413
一朝得成功,4,48.201557,19.1767
大笑向文士,2,59.144604,-8.247383
一经何足穷,4,28.426367,20.884924
古人昧此道,7,0.9427274,25.12333
往往成老翁,6,-15.636317,0.18416679
深觉农夫苦,13,-34.856583,29.679285
尚有献芹心,12,20.575129,8.289433
无因见明主,7,-13.303958,29.21118
我心乃萧索,5,-38.152863,-23.881426
万事空寥落,9,-36.83846,-22.562496
驱马怅不乐,5,-32.1187,-11.35394
永愿拯刍荛,12,30.497908,36.54851
孰云干鼎镬,10,-0.81930685,17.663696
时俗何浮薄,18,5.8836675,29.912306
浮云不堪托,7,-7.864606,-6.696122
吾谋适可用,4,48.01298,18.947542
天路岂寥廓,4,41.777447,13.576282
焉能志鸿鹄,15,25.568375,34.653915
一看有归思,17,-6.374056,-26.467886
我辈今胡为,19,1.2983652,19.732828
浩哉迷所至,19,2.5329843,-5.0497065
我惭经济策,7,-9.83332,22.825872
久欲甘弃置,7,5.7937174,7.333038
如何尚憔悴,13,-25.60909,7.9016075
长歌增郁怏,7,-29.09271,6.5087466
对酒不能醉,7,-19.429592,-19.096064
夫子莫下泪,7,-4.7279215,5.055994
开箧泪沾臆,11,-62.498055,0.05653979
夜台今寂寞,9,-34.318035,-23.92974
契阔多离别,3,-25.599771,-10.688098
万事皆如此,18,18.367916,23.037933
斯人已冥冥,6,-32.643543,-20.364128
殁后家复贫,13,-34.973797,25.37879
弟兄无一人,11,-44.671978,13.10688
十上多苦辛,13,-30.983948,21.5399
白日忽先尽,6,10.251782,-27.148964
边城何萧条,9,-40.178097,-23.76694
每愁胡虏翻,1,-2.715571,28.33211
归来独闭门,9,-34.402763,-27.493174
令人却忆平原君,16,10.057217,-3.7679994
君不见即今交态薄,18,5.1995816,29.881382
黄金用尽还疏索,13,-28.855022,27.246197
以兹感叹辞旧游,6,-14.4688,-18.522358
男儿本自重横行,15,40.634983,26.659477
天子非常赐颜色,4,55.06534,17.334991
战士军前半死生,1,-46.764786,20.78161
美人帐下犹歌舞,18,40.148464,1.2387127
少妇城南欲断肠,11,-56.310123,-8.800238
征人蓟北空回首,17,-8.306113,-12.189065
君不见沙场征战苦,1,-48.326702,18.94732
至今犹忆李将军,16,10.433797,-3.8230636
驱马荒城愁杀人,5,-35.95967,0.7911904
暮天摇落伤怀抱,5,-40.585686,-8.0152025
抚剑悲歌对秋草,5,-42.35963,-4.1918163
宁堪作吏风尘下,13,14.114963,27.968842
拜迎官长心欲碎,13,-22.432037,31.360563
鞭挞黎庶令人悲,1,-37.197853,32.246372
举家尽笑今如此,14,58.545063,-9.262142
梦想旧山安在哉,19,-4.6621623,-5.115751
转忆陶潜归去来,8,49.012165,-19.339596
屈指取公卿,4,31.300016,23.933214
布衣不得干明主,7,-13.382109,30.611197
雁池垂钓心长苦,5,-30.851906,-8.482204
唯君于我最相亲,12,20.799095,-31.144417
且喜百年有交态,14,52.367493,-9.966714
欢娱未尽分散去,3,-20.834753,-24.996458
使我惆怅惊心神,5,-33.96444,-9.700592
丈夫不作儿女别,15,40.46833,27.389896
临歧涕泪沾衣巾,11,-61.93963,-2.2962534
意气能甘万里去,15,41.51278,25.771358
辛勤动作一年行,14,-25.16495,35.990334
击剑酣歌当此时,2,49.83817,3.11245
远别无轻绕朝策,7,-7.8074827,-6.3514647
平戎早寄仲宣诗,16,36.698753,35.536617
功名万里外,15,41.76127,34.462856
心事一杯中,5,-31.51843,-24.055408
离魂莫惆怅,16,26.309217,-1.9988396
看取宝刀雄,15,41.92344,29.105202
谪去君无恨,8,19.49605,15.508689
自当逢雨露,14,24.156431,-16.041075
行矣慎风波,10,-5.3014035,16.181763
匹马行将久,16,-6.9439206,0.3253842
征途去转难,13,-18.37383,16.31956
不知边地苦,1,-5.82986,37.47821
只讶客衣单,9,-36.60198,9.073726
溪冷泉声苦,9,-47.469944,-1.2083924
山空木叶干,9,-43.721058,-25.944479
莫言关塞极,16,27.33918,4.321869
云雪尚漫漫,9,-12.053327,-35.430122
世上谩相识,18,11.979837,19.326487
此翁殊不然,18,7.8446484,20.605595
能更几回眠,6,-17.086481,-29.727516
岂不思故乡,17,-3.1350136,-25.258839
从来感知己,12,22.519846,3.595292
春风送客使人悲,5,-41.451393,-6.3580856
怨别自惊千里外,3,-26.102528,-9.339362
此地从来可乘兴,2,45.18443,-6.3531675
留君不住益凄其,3,-43.499207,-16.81072
嗟君此别意何如,3,-0.6514495,-17.356518
暂时分手莫踌躇,16,26.169794,-2.0282037
旅馆寒灯独不眠,9,-35.282368,-30.460346
客心何事转凄然,5,-43.45298,-16.984417
故乡今夜思千里,17,-4.2314825,-26.999916
霜鬓明朝又一年,6,-17.416924,-1.4461131
营州少年厌原野,16,-16.8303,42.412384
莫愁前路无知己,12,25.156746,-0.32460773
天下谁人不识君,4,25.180126,-0.21302792
借问梅花何处落,16,-10.577202,-29.767334
东风何时至,19,8.437426,-19.941322
已绿湖上山,14,31.75358,-20.197096
自足荡心耳,8,44.059776,-13.56013
颇得清净理,8,43.939396,-23.61006
兴尽方下山,2,47.132954,-5.4281497
何必待之子,16,26.411669,1.6220204
我心多恻隐,11,-43.59443,2.7384508
顾此两伤悲,11,-48.339996,3.2285843
我心终不移,15,31.682297,42.657574
归来悲困极,11,-45.899097,5.185826
兄嫂共相譊,18,-1.332455,30.6395
无钱可沽酒,13,-28.889894,27.131777
何以解劬劳,13,-20.665419,38.32765
日暮待情人,0,5.548201,-24.877748
念君高梧阴,0,2.8603737,-29.069265
复解山中衣,8,42.96703,-9.15952
淹留膳茶粥,13,-27.213316,17.74351
共我饭蕨薇,8,29.17439,6.4774323
自说年来稔,14,25.84616,-15.00389
前村酒可赊,14,45.618446,-2.1339304
别有中天月,16,30.335154,-24.679766
相邀归渡头,16,18.596165,-18.669634
落花如有意,0,14.511877,-35.982334
来去逐船流,16,16.866425,-12.79791
少年心胆雄,15,41.012268,26.252178
死是征人死,1,-43.72938,19.922548
功是将军功,4,47.048122,21.86316
劳歌赴远期,16,-0.27780062,-11.271084
乡心遇物悲,5,-40.209427,-6.183075
故林遥不见,17,-8.294178,-22.330656
况在落花时,6,-41.89167,-12.20076
高堂应梦归,16,7.7486134,-11.742821
莫将和氏泪,7,4.533144,12.453228
滴著老莱衣,12,17.764912,-5.655344
北望乡关生客愁,17,-6.1197386,-22.397593
及有谁知更辛苦,13,-30.726278,22.00973
何必流离中国人,15,31.702532,30.326576
心中万事如等闲,8,21.737452,23.35052
即今相对不尽欢,7,-20.329523,-25.543144
别后相思复何益,3,-27.04831,-9.903142
愿君且宿黄翁家,12,17.649845,-18.830734
风光若此人不醉,14,38.81078,-7.2530565
铜柱朱崖道路艰,13,-18.836063,16.40919
疲马山中愁日晚,5,-33.798878,0.24481171
孤舟江上畏风寒,10,-33.4011,-34.512905
楚地劳行役,13,-32.372646,23.237053
离魂将别梦,3,-23.25581,-11.387954
先已到关西,16,10.199866,-8.319073
还家万里梦,17,-5.834743,-28.01383
为客五更愁,5,-34.323864,-1.5733076
何日复同游,17,5.901883,-20.422058
不知近水花先发,14,7.395321,-2.243008
疑是经冬雪未销,14,13.901808,-4.4169
汗血每随边地苦,1,-49.004784,20.229774
蹄伤不惮陇阴寒,15,38.721153,27.805374
君能一饮长城窟,2,45.495033,3.4561496
为尽天山行路难,7,-17.68256,15.844754
归人掩泪看,11,-58.59068,-1.6738703
昔贤怀一饭,12,19.30654,9.622905
山木杜鹃愁,5,-34.32544,-3.9151876
王孙旧此游,16,10.028827,-12.603568
乡心新岁切,17,-4.516228,-25.24393
天畔独潸然,11,-59.10832,-6.269746
老至居人下,13,-24.68601,19.411106
已似长沙傅,7,7.3590393,14.978893
罢归无旧业,6,-25.095947,15.575287
老去恋明时,16,4.329566,-14.246525
日暮欲何之,19,-2.0715973,-7.000426
多惭恩未报,7,-11.052508,20.803802
敢问路何长,19,2.3053865,0.64508903
旧游成远道,17,-14.019148,-18.585087
此去更违乡,17,-8.235277,-18.90842
溪花与禅意,8,43.91272,-22.840584
相对亦忘言,8,21.737436,-27.84458
草绿湖南万里情,16,16.954489,-15.677734
青袍今已误儒生,7,-15.947217,30.567575
内史旧山空日暮,9,-35.107098,-20.282455
南朝古木向人秋,9,-43.688698,-25.366785
白云何事欲相留,19,2.2049994,-1.6235658
青山独归远,9,36.77385,-32.994015
古调虽自爱,0,4.628028,-14.507492
今人多不弹,6,-29.62605,-24.282074
孤舟相访至天涯,9,-12.628483,-21.891008
欲扫柴门迎远客,12,21.18876,-20.01507
越客孤舟欲榜歌,16,12.662368,-11.651996
手折衰杨悲老大,6,-42.727966,-7.3264713
故人零落已无多,6,-34.471756,-18.135775
万里辞家事鼓鼙,15,40.5115,36.873417
江春不肯留行客,3,-17.47585,-16.564365
草色青青送马蹄,16,16.82,-15.44513
摇落不胜悲,11,-43.994324,-6.4306903
荣华非此日,18,14.292173,20.138424
会当凌绝顶,15,43.64598,16.52412
一览众山小,4,44.02037,16.600843
纨袴不饿死,18,10.57525,25.616976
儒冠多误身,7,-15.913067,30.847685
此意竟萧条,9,-38.306366,-23.968786
行歌非隐沦,8,31.716688,9.50876
到处潜悲辛,13,-46.00976,6.298138
甚愧丈人厚,7,-10.398577,20.89543
甚知丈人真,12,23.752426,0.96801376
难甘原宪贫,18,26.606895,25.082512
焉能心怏怏,7,25.468996,34.776188
只是走踆踆,13,4.4922895,-6.4013715
万里谁能驯,15,31.100363,28.726978
登兹翻百忧,5,-31.835806,2.4412208
哀鸣何所投,11,-43.78292,6.026657
惜哉瑶池饮,7,-23.244438,-23.426842
苍梧云正愁,5,-34.502502,-3.6370175
苟能制侵陵,15,34.854332,35.280704
岂在多杀伤,18,23.554043,18.173307
悲笳数声动,11,-47.337643,11.060068
壮士惨不骄,15,34.12987,29.986313
老大意转拙,6,-14.768951,1.7714841
许身一何愚,7,-12.047035,25.835396
窃比稷与契,4,27.065777,31.276182
白首甘契阔,12,7.828263,-39.74842
穷年忧黎元,13,-33.808067,33.89109
叹息肠内热,7,-27.586897,3.5143983
取笑同学翁,18,9.117528,30.080585
浩歌弥激烈,15,49.10381,5.6987834
生逢尧舜君,4,38.131157,17.486393
不忍便永诀,3,-22.41598,-7.8926587
独耻事干谒,18,-6.87942,22.623745
兀兀遂至今,13,-29.053473,23.445505
忍为尘埃没,7,14.365498,27.312664
终愧巢与由,7,-9.592356,21.691246
未能易其节,15,30.307,41.604614
沉饮聊自遣,7,42.113697,-1.2696633
放歌破愁绝,2,50.779964,5.366387
惆怅难再述,5,-33.96316,-10.952704
吾宁舍一哀,18,22.344027,19.24759
所愧为人父,7,-11.491222,20.826134
抚迹犹酸辛,13,-30.677973,20.589214
忧端齐终南,5,-31.981665,3.2354083
杜子将北征,16,8.890974,8.808194
苍茫问家室,17,1.2525473,-15.986394
臣甫愤所切,7,-4.348728,33.15711
挥涕恋行在,3,-63.391663,-3.1241813
道途犹恍惚,19,1.3765184,-6.1855583
乾坤含疮痍,1,-53.73717,18.236063
忧虞何时毕,5,-31.789942,3.279501
我行已水滨,16,11.648286,-9.998053
我仆犹木末,18,7.434652,25.150743
老夫情怀恶,7,-27.341051,10.606549
呕泄卧数日,13,-28.017809,17.216013
生还对童稚,14,19.240448,-5.1712713
似欲忘饥渴,14,43.951317,-3.4006953
翻思在贼愁,5,-34.638466,3.2564929
甘受杂乱聒,18,15.130421,27.049065
新归且慰意,14,23.178257,-8.579366
生理焉得说,18,13.466171,16.202917
凄凉大同殿,9,-41.365967,-23.798174
寂寞白兽闼,9,-35.340122,-26.854446
都人望翠华,16,19.614746,-15.682777
佳气向金阙,4,55.941162,12.638307
妻子隔绝久,3,-19.607328,-9.916348
亲故伤老丑,7,-23.012257,9.62132
涕泪受拾遗,11,-58.76188,2.4419935
未忍即开口,10,-12.0196905,12.739753
不知家在否,19,1.3599983,-16.09385
杀戮到鸡狗,1,1.3774602,38.62599
谁复依户牗,19,-15.345537,-25.752459
地冷骨未朽,15,12.907024,1.6444185
几人全性命,1,-43.144825,16.51483
尽室岂相偶,19,-8.388421,4.5465207
郁结回我首,5,-29.032785,5.91269
反畏消息来,10,-7.9270906,11.550692
寸心亦何有,12,19.639854,6.707625
沉思欢会处,14,25.548286,-8.318554
恐作穷独臾,10,-6.6269035,11.303455
痴女饥咬我,18,-21.44284,18.636393
啼畏虎狼闻,10,-7.2981873,12.74361
相视涕阑干,11,-61.453945,0.8486008
誓将与夫子,15,32.883118,38.127888
永结为弟昆,12,25.054893,-11.123177
谁肯艰难际,13,-17.835884,17.697086
豁达露心肝,2,38.398193,8.567856
何当有翅翎,16,30.037066,-6.9924703
飞去坠尔前,16,9.342294,4.9836493
妻孥怪我在,10,-0.6499621,9.913851
惊定还拭泪,11,-56.586918,1.477744
世乱遭飘荡,13,-53.156868,16.475471
生还偶然遂,14,18.73868,13.144331
邻人满墙头,14,14.8639,3.7876737
感叹亦嘘欷,11,-26.131868,2.885869
夜阑更秉烛,16,26.83589,-22.611967
相对如梦寐,19,1.2913063,-7.2580676
晚岁迫偷生,13,-20.565783,32.582962
还家少欢趣,5,-36.331516,-23.946728
畏我复却去,10,-7.734313,12.88993
抚事煎百虑,13,-31.081224,3.6307158
且用慰迟暮,16,17.112019,-4.426264
艰难愧深情,7,-17.362576,18.258303
歌罢仰天叹,7,-19.703154,-40.07844
四座泪纵横,11,-60.76653,1.145675
喧呼闻点兵,15,43.36709,36.82126
县小更无丁,13,-29.260944,29.478811
中男绝短小,1,-25.062042,29.194387
何以守王城,10,3.7501671,22.585546
白水暮东流,9,12.895185,-27.227505
青山犹哭声,1,-49.085358,12.982853
莫自使眼枯,11,-5.5407367,4.9973054
收汝泪纵横,11,-4.704423,5.5142765
眼枯即见骨,13,-36.7243,26.404589
天地终无情,6,-42.866062,15.2103615
岂意贼难料,10,2.101912,27.859564
归军星散营,1,-2.549422,19.780304
送行勿泣血,3,-3.6257753,-12.667531
仆射如父兄,12,18.156788,7.023481
吏呼一何怒,1,-0.2780419,38.738842
妇啼一何苦,11,-33.621063,21.090038
死者长已矣,6,-42.41452,14.475339
如闻泣幽咽,11,-50.25507,-2.172223
不如弃路旁,7,5.437104,7.9941044
无乃太匆忙,7,-14.1371565,17.98358
沉痛迫中肠,11,-49.950397,6.450256
誓欲随君去,12,32.59318,38.079933
人事多错忤,7,-17.351917,26.701885
与君永相望,0,15.178567,-30.046003
存者无消息,11,-17.932232,-10.685313
死者为尘泥,1,-42.325687,14.879912
永痛长病母,11,-31.694511,16.59888
五年委沟谿,13,-18.985085,28.990417
生我不得力,13,-22.644888,19.734781
终身两酸嘶,13,-31.073923,17.370455
人生无家别,17,-53.38969,15.338349
何以为蒸黎,13,-2.2874777,22.888035
今夕复何夕,19,12.911369,-18.440878
共此灯烛光,12,23.88178,-27.26344
惊呼热中肠,2,52.36155,7.2329555
主称会面难,3,-8.77741,-1.7254872
一举累十觞,2,52.031494,-1.1394513
感子故意长,12,19.973238,-32.300457
明日隔山岳,16,-1.9319986,-30.60681
世事两茫茫,6,-4.5234146,-1.9125061
死别已吞声,11,-52.53296,6.9764934
生别常恻恻,11,-51.80239,-5.268116
故人入我梦,12,18.684711,-23.735336
明我长相忆,0,3.0544195,-33.266506
君今在网罗,10,-19.495716,31.322979
何以有羽翼,19,6.9858613,2.0442772
恐非平生魂,10,-4.16903,9.533888
犹疑照颜色,19,17.172972,-22.95975
浮云终日行,16,17.099215,-12.977865
游子久不至,17,-7.98988,-20.417051
三夜频梦君,0,3.2703125,-33.729404
情亲见君意,12,20.71034,-31.249662
告归常局促,13,-23.83468,26.606968
苦道来不易,13,-31.208986,21.690735
冠盖满京华,4,36.772038,19.587955
斯人独憔悴,11,-49.131382,-8.297155
孰云网恢恢,19,-0.17898212,17.509186
将老身反累,13,-25.363415,19.348585
千秋万岁名,4,40.73945,11.188252
寂寞身后事,9,-34.760807,-25.919502
吾将罪真宰,18,-0.49237695,34.015068
意欲铲叠嶂,15,37.976326,32.230022
恐此复偶然,10,-6.554948,11.557201
临风默惆怅,5,-34.60097,-10.488843
感此气扬扬,2,50.046143,8.182985
仍嗔问升斗,18,-2.171742,32.24154
与人一心成大功,15,46.160713,25.086712
雄姿未受伏枥恩,15,32.32418,29.071878
猛气犹思战场利,15,41.988556,31.636755
青丝络头为君老,0,7.763286,-39.4987
何由却出横门道,19,-5.7510395,-6.698117
却忆年年人醉时,17,0.40661824,-30.970057
只今未醉已先悲,5,-47.084675,3.3314493
数茎白发那抛得,6,-18.022055,1.24535
百罚深杯亦不辞,15,24.074305,20.004091
此身饮罢无归处,16,29.898912,0.51611286
独立苍茫自咏诗,8,45.0685,6.7735524
游子空嗟垂二毛,6,-14.696997,-7.1057305
哀鸿独叫求其曹,11,-43.80577,6.1035843
吾人甘作心似灰,7,-48.317448,-29.73685
弟侄何伤泪如雨,11,-61.272106,-0.026991555
自断此生休问天,7,-19.724379,13.083221
堂上不合生枫树,7,-9.676133,6.3583174
怪底江山起烟雾,19,4.6087165,-3.6261418
闻君扫却《赤县图》,15,13.587153,37.443283
乘兴遣画沧洲趣,8,44.776623,-6.162018
对此融心神,8,24.703533,-7.1011095
知君重毫素,12,24.389906,7.7219405
悄然坐我天姥下,8,38.510666,-26.914896
耳边已似闻清猿,9,34.51992,-25.323442
反思前夜风雨急,10,-43.4366,-31.03229
乃是蒲城鬼神入,10,-2.631544,9.4544525
元气淋漓障犹湿,14,31.12019,-14.750693
真宰上诉天应泣,7,-19.071045,23.428398
刘侯天机精,4,32.65834,15.394351
爱画入骨髓,0,18.35442,-35.032707
吾独胡为在泥滓青鞋布袜从此始,18,26.21359,22.383318
满堂动色嗟神妙,4,35.2425,-8.456347
韦侯韦侯数相见,12,21.30751,-24.507227
我有一匹好东绢,4,24.331018,13.064082
请公放笔为直干,15,36.40242,22.379423
哭声直上干云霄,11,-53.902145,10.174423
边庭流血成海水,1,-47.984386,16.921972
武皇开边意未已,1,0.03873766,42.495964
信知生男恶,1,-22.548235,19.514414
反是生女好,18,21.778538,1.1910858
新鬼烦冤旧鬼哭,1,-44.0927,10.946322
天阴雨湿声啾啾,5,-46.2515,-4.663839
炙手可热势绝伦,4,31.004164,25.113491
慎莫近前丞相嗔,10,-6.370134,15.111633
德尊一代常坎坷,7,-16.260979,32.784344
名垂万古知何用,7,16.213589,21.592201
但觉高歌有鬼神,4,46.825855,4.621837
焉知饿死填沟壑,13,-41.624165,16.115757
儒术于我何有哉,18,15.420771,22.521729
孔丘盗跖俱尘埃,18,16.539911,21.868008
不须闻此意惨怆,11,-49.446934,1.4659086
生前相遇且衔杯,2,52.231148,-3.5610642
恨不移封向酒泉,7,-5.0790896,26.706974
衔杯乐圣称避贤,2,51.04166,-2.6592467
自称臣是酒中仙,2,46.262375,1.92309
赤县官曹拥材杰,4,36.88614,19.984001
软裘快马当冰雪,2,41.80738,7.406342
长安苦寒谁独悲,5,-42.693188,4.7717614
杜陵野老骨欲折,13,-25.10493,11.2442
此老无声泪垂血,11,-51.27098,13.142145
纷纷轻薄何须数,18,10.619214,27.973951
此道今人弃如土,7,6.2836037,30.643896
都人回面向北啼,11,-52.374603,11.820519
日夜更望官军至,16,19.826807,-15.847364
少陵野老吞声哭,11,-57.07376,7.051026
细柳新蒲为谁绿,0,14.635519,-35.481365
人生有情泪沾臆,11,-60.13564,-0.56049407
江水江花岂终极,16,42.184673,10.4194975
中兴诸将收山东,15,48.61368,21.091646
捷书夜报清昼同,14,49.55442,19.663803
已喜皇威清海岱,4,50.10744,19.553831
常思仙仗过崆峒,16,8.676621,-13.716819
青袍白马更何有,6,0.18596108,6.4260516
后汉今周喜再昌,4,50.960644,19.388395
寸地尺天皆入贡,4,52.19159,20.772116
奇样异瑞争来送,14,55.751488,11.650128
安得壮士挽天河,15,35.423107,32.173344
尽洗甲兵长不用,8,50.883327,17.40082
田家望望惜雨干,13,9.907815,-20.567608
布谷处处催春种,14,26.587126,-17.154514
淇上健儿归莫懒,15,35.639416,30.821917
城南思妇愁多梦,5,-31.75616,-4.3359804
呜呼一歌兮歌已哀,11,-45.929474,2.106691
悲风为我从天来,1,-46.6423,9.319127
呜呼二歌兮歌始放,7,-18.698092,-42.524426
邻里为我色惆怅,5,-33.342175,-9.566493
呜呼三歌兮歌三发,7,-18.671066,-42.647114
汝归何处收兄骨,11,-44.029934,12.750163
呜呼四歌兮歌四奏,7,-18.679556,-42.609016
林猿为我啼清昼,8,35.147022,-25.321276
呜呼五歌兮歌正长,7,-18.589888,-42.531944
魂招不来归故乡,17,-7.4996915,-18.262142
呜呼六歌兮歌思迟,7,-18.516285,-41.72447
溪壑为我回春姿,14,31.062885,-15.856032
呜呼七歌兮悄终曲,11,-18.579704,-41.761303
仰视皇天白日速,18,10.1832285,-27.138243
壮哉昆仑方壶图,4,47.47468,15.378184
焉得并州快剪刀,15,25.51919,34.757385
剪取吴淞半江水,16,15.826999,-10.579952
强将笑语供主人,14,56.062412,-9.526241
悲见生涯百忧集,13,-45.912514,5.1306763
老妻睹我颜色同,12,20.053755,-5.714794
南村群童欺我老无力,13,-23.36207,20.44822
忍能对面为盗贼,1,-3.5867553,36.84532
归来倚杖自叹息,6,-38.49899,-11.076903
自经丧乱少睡眠,11,-52.241837,16.150093
长夜沾湿何由彻,13,-35.960094,4.535231
安得广厦千万间,12,23.881264,43.660526
大庇天下寒士俱欢颜,12,23.873693,43.680565
风雨不动安如山,15,32.732384,40.41761
呜呼何时眼前突兀见此屋,7,-24.710125,22.011532
吾庐独破受冻死亦足,12,23.944016,43.567635
王郎酒酣拔剑斫地歌莫哀,2,49.56561,3.688614
我能拔尔抑塞磊落之奇才,4,36.45555,20.873972
青眼高歌望吾子,12,18.63876,-7.581192
眼中之人吾老矣,6,-34.59392,-16.296978
富贵于我如浮云,8,23.583153,24.190525
忍使骅骝气凋丧,7,-17.259968,23.254938
途穷反遭俗眼白,7,-15.086945,32.0483
世上未有如公贫,4,26.055408,24.278822
终日坎缠其身,13,-27.347496,21.573557
可怜九马争神骏,4,35.27257,17.639585
复令识者久叹嗟,7,-15.246222,-41.57724
君不见金粟堆前松柏里,6,-44.475826,-20.49645
龙媒去尽鸟呼风,16,8.90881,4.771687
壮其蔚跂,4,34.80879,14.096852
抚事慷慨,15,38.548473,29.999943
感时抚事增惋伤,11,-46.710476,-6.8488626
乐极哀来月东出,5,-46.7832,1.7599914
老夫不知其所往,19,-1.8695103,-6.5954704
足茧荒山转愁疾,13,-28.065046,19.453798
伤心不忍问耆旧,11,-40.64583,-10.413953
洒血江汉身衰疾,1,-45.68215,20.056963
我斥奴人解其缚,15,34.85564,33.591988
鸡虫得失无了时,7,-14.781268,23.562847
去年米贵阙军食,13,-33.676933,30.860214
今年米贱太伤农,13,-34.295124,30.124212
高马达官厌酒肉,18,23.32621,27.6648
此辈杼柚茅茨空,13,-30.083025,28.3594
况闻处处鬻男女,1,-36.522053,31.904524
割慈忍爱还租庸,11,-51.867466,9.869211
万国城头吹画角,1,-51.04024,22.248264
此曲哀怨何时终,5,-44.495365,0.83904296
从来多古意,16,15.354484,-6.2923665
临眺独踌躇,5,-35.679558,-10.894908
真堪托死生,12,21.758236,4.7472734
万里可横行,15,42.95982,18.34441
白也诗无敌,4,39.408146,20.368124
飘然思不群,8,44.009384,5.6879277
何时一樽酒,16,13.454713,-16.443613
重与细论文,18,14.90753,10.146203
闺中只独看,3,-29.198824,-20.072742
何日倚虚幌,16,6.790313,-21.976116
双照泪痕干,11,-59.453903,-2.5023108
感时花溅泪,11,-60.539444,6.9259253
恨别鸟惊心,5,-39.52317,0.83137745
家书抵万金,17,-6.6197634,-30.887997
白头搔更短,13,-23.91244,10.41693
浑欲不胜簪,13,-24.863552,18.064472
眼穿当落日,16,5.082192,-9.345219
心死著寒灰,9,-48.27727,-29.813072
喜心翻倒极,2,52.994328,7.3853183
呜咽泪沾巾,11,-59.222416,0.20783076
愁思胡笳夕,5,-35.060535,-1.5902318
凄凉汉苑春,9,-41.499012,-23.951933
犹瞻太白雪,16,12.780544,-1.1656162
喜遇武功天,14,53.478344,9.1615505
影静千官里,9,34.52238,-28.639908
心苏七校前,14,25.384892,-5.4968467
不寝听金钥,10,31.12963,-35.22236
因风想玉珂,16,8.98539,-13.754254
明朝有封事,7,9.985909,44.007114
数问夜如何,19,3.7346575,-19.257402
有弟皆分散,3,-16.311615,-10.21269
无家问死生,1,-52.876873,15.719384
寄书长不达,3,-18.536226,-13.144291
况乃未休兵,1,-49.81442,22.448105
满目悲生事,11,-46.44892,4.904551
因人作远游,16,2.9432719,-11.861609
迟回度陇怯,10,-8.115532,13.223632
浩荡及关愁,16,-3.560933,27.109724
心折此淹留,7,-15.441809,26.370754
属国归何晚,17,-6.136857,-10.4232
楼兰斩未还,1,-4.3822737,28.104557
衰飒正摧颜,6,-19.772924,0.44834128
胡为君远行,3,0.7577258,-18.052183
亲朋尽一哭,11,-55.481792,6.9857783
君子意如何,16,3.8018234,-17.415174
鸿雁几时到,17,4.33187,-21.208447
文章憎命达,7,-15.965901,32.96295
魑魅喜人过,14,61.498856,-7.8901725
应共冤魂语,1,-43.515972,12.020805
世人共鲁莽,18,6.3544145,28.402618
吾道属艰难,13,-18.057117,17.252693
囊空恐羞涩,13,-28.013865,27.699993
江东犹苦战,1,-49.407486,22.309708
回首一颦眉,0,0.16401537,-40.17275
客愁全为减,5,7.2273073,-6.448287
舍此复何之,19,-2.837772,-7.557331
不觉群心妒,18,-8.660444,39.452835
休牵众眼惊,10,13.369611,12.602652
作意莫先鸣,18,13.726308,12.320151
远送从此别,3,-24.38961,-14.804461
青山空复情,3,-18.041279,-21.955572
几时杯重把,16,6.772068,-20.67863
寂寞养残生,9,-34.94911,-26.284954
对酒爱新鹅,14,40.612907,-10.647205
狐狸奈若何,18,9.6947,18.299246
如何关塞阻,16,-6.1265397,-7.922691
转作潇湘游,16,15.246129,-12.045794
何必泪长流,16,26.53703,-1.2476192
江汉思归客,17,-6.309958,-23.977097
落日心犹壮,15,42.72217,26.102291
秋风病欲苏,14,18.677233,-2.7019627
病中吾见弟,12,-15.467765,-10.106922
泊船悲喜后,16,6.770723,-5.2126327
待尔嗔乌鹊,18,5.391443,14.682409
愁绝始星星,5,-33.68018,-6.102292
危樯独夜舟,9,-34.729042,-33.19109
名岂文章著,7,-13.963703,31.696539
官应老病休,13,-26.846937,13.957833
飘飘何所似,8,17.704927,-12.881505
天地一沙鸥,9,-10.799154,-14.328497
亲朋无一字,3,-16.844925,-10.676991
老病有孤舟,6,-30.484312,10.858874
凭轩涕泗流,11,-59.695377,2.7792268
不敢要佳句,10,-9.490337,15.754162
愁来赋别离,5,-32.986,-2.1874897
法自儒家有,4,27.681398,17.484327
心从弱岁疲,13,-25.974232,18.826982
缘情慰漂荡,16,22.255651,-8.88251
抱疾屡迁移,13,-28.17502,15.60796
经济惭长策,7,-9.924392,23.12383
音书恨乌鹊,3,-23.672422,-4.782603
号怒怪熊罴,1,2.5329294,38.07995
独泣向麒麟,11,-56.314697,4.503374
才高心不展,7,-14.8466625,28.819155
道屈善无邻,18,10.745806,18.444143
稻粱求未足,13,-28.671871,25.711899
薏苡谤何频,7,0.07179024,28.921186
几年遭鸟,13,-25.7177,20.149853
莫怪恩波隔,18,5.2899365,11.468769
汝啼吾手战,10,-1.2689469,12.964514
吾笑汝身长,18,9.957593,29.835777
高歌泪数行,11,-55.448166,2.2212126
老去悲秋强自宽,6,-43.097897,-8.180076
兴来今日尽君欢,2,53.3743,-4.191344
羞将短发还吹帽,18,-7.9372616,19.693619
笑倩旁人为正冠,14,58.28036,-10.609809
明年此会知谁健,6,-33.86904,-18.39491
醉把茱萸仔细看,16,20.161556,-8.969848
丞相祠堂何处寻,19,11.401744,-5.031736
长使英雄泪满襟,11,-61.99441,4.566282
蓬门今始为君开,14,21.997047,-20.605812
肯与邻翁相对饮,2,52.43795,-4.952283
隔篱呼取尽余杯,2,52.18878,-2.363751
厚禄故人书断绝,7,-16.9576,30.344112
恒饥稚子色凄凉,13,-36.044872,26.45874
欲填沟壑唯疏放,8,37.033943,8.452416
自笑狂夫老更狂,2,47.512466,2.676225
天涯涕泪一身遥,17,-6.476759,-19.373215
不堪人事日萧条,6,-45.774334,-8.710967
数回细写愁仍破,5,-30.12682,-2.349371
金盘玉筋无消息,3,-18.402512,-10.565984
惯看宾客儿童喜,14,53.76473,-8.180725
相送柴门月色新,16,26.302956,-25.711716
岂有文章惊海内,4,40.64849,20.928696
漫劳车马驻江干,16,4.2267447,-7.990905
不嫌野外无供给,8,30.422668,13.375751
乘兴还来看药栏,14,44.760593,-6.611394
思家步月清宵立,17,-6.990903,-28.513418
忆弟看云白日眠,16,1.1163033,-27.955423
为人性僻耽佳句,14,54.28826,-16.580578
语不惊人死不休,15,32.020924,31.925438
春来花鸟莫深愁,14,29.427588,-15.924467
焉得思如陶谢手,16,10.693282,-17.78524
初闻涕泪满衣裳,11,-56.630447,2.5132842
漫卷诗书喜欲狂,2,53.240932,6.7160363
白日放歌须纵酒,2,51.31015,5.6902275
花近高楼伤客心,5,-39.754818,-7.45829
万方多难此登临,1,-39.68973,7.1807733
可怜后主还祠庙,6,-46.98444,-15.934426
日暮聊为梁甫吟,7,-21.689573,-43.31264
独宿江城蜡炬残,9,-35.51778,-30.001904
永夜角声悲自语,11,-47.834053,12.101216
中天月色好谁看,9,6.903329,-29.151016
风尘荏苒音书绝,3,-17.4441,-12.373067
关塞萧条行路难,13,-18.755432,16.11027
已忍伶俜十年事,13,-29.857286,21.646427
强移栖息一枝安,16,7.551321,7.5271664
五更鼓角声悲壮,1,-47.476982,12.370505
野哭千家闻战伐,1,-48.874527,15.654715
人事音书漫寂寥,9,-16.005386,-35.08203
丛菊两开他日泪,11,-56.378124,-3.639085
孤舟一系故园心,17,-5.379587,-23.925903
寒衣处处催刀尺,13,-36.127605,7.228598
白帝城高急暮砧,9,-45.87453,-24.290749
听猿实下三声泪,11,-54.28173,-6.178912
奉使虚随八月槎,16,2.388663,-10.806992
山楼粉堞隐悲笳,5,-47.133926,11.203966
匡衡抗疏功名薄,7,-12.281676,31.883757
刘向传经心事违,7,-16.490791,26.682146
同学少年多不贱,4,41.352924,23.55514
五陵衣马自轻肥,4,23.51156,29.17473
闻道长安似弈棋,19,-2.8732343,-0.37613901
百年世事不胜悲,11,-46.88779,3.483297
鱼龙寂寞秋江冷,9,-38.532753,-29.147583
故国平居有所思,17,-2.3292096,-27.18069
一卧沧江惊岁晚,6,-16.52236,-3.941776
几回青琐点朝班,4,20.079517,39.26799
回首可怜歌舞地,6,-39.441887,-17.463255
昆明池水汉时功,4,45.838154,20.097246
武帝旌旗在眼中,15,33.26445,24.315548
关塞极天惟鸟道,9,-36.84378,-33.986176
江湖满地一渔翁,8,39.51277,-31.53226
彩笔昔曾干气象,4,40.844147,21.215113
白头吟望苦低垂,5,-30.768404,-8.493339
岂谓尽烦回纥马,18,2.3750796,28.461237
独使至尊忧社稷,7,-7.5372767,28.611395
诸君何以答升平,4,28.485462,16.895292
巫峡清秋万壑哀,5,-45.74216,-2.580819
正忆往时严仆射,16,10.340435,-4.118052
安得务农息战斗,8,29.783943,4.3114123
普天无吏横索钱,14,51.390255,15.8656225
支离东北风尘际,1,-52.81515,18.620386
飘泊西南天地间,17,-11.011455,-14.95307
羯胡事主终无赖,1,-7.805957,33.868423
词客哀时且未还,5,-41.392788,-4.1993995
庾信平生最萧瑟,6,-38.365078,-23.05606
分明怨恨曲中论,5,-42.223896,0.7155068
万里悲秋常作客,5,-32.344955,10.38926
百年多病独登台,6,-30.763489,10.828398
艰难苦恨繁霜鬓,13,-33.833286,17.43163
潦倒新亭浊酒杯,5,-21.709267,28.709394
不为困穷宁有此,15,27.180574,24.969059
正思戎马泪盈巾,11,-61.171288,4.5420623
年年至日长为客,17,-9.375584,-20.130854
忽忽穷愁泥杀人,13,-35.178658,19.425928
心折此时无一寸,7,-15.158419,26.1181
路迷何处见三秦,19,0.024327163,-5.9288526
遗恨失吞吴,7,-9.1541395,34.075726
秋来相顾尚飘蓬,17,-11.115001,-15.130869
痛饮狂歌空度日,2,49.077843,1.0691444
飞扬跋扈为谁雄,15,31.430725,28.359531
此曲只应天上有,4,35.63781,-10.246096
人间能得几回闻,4,36.756733,-9.610698
春光懒困倚微风,8,37.854656,-21.449352
可爱深红爱浅红,0,18.458738,-37.6299
留连戏蝶时时舞,14,34.145718,-18.282595
自在娇莺恰恰啼,14,33.78816,-18.401592
今人嗤点流传赋,18,6.87365,30.516445
不觉前贤畏后生,18,12.499472,25.003769
轻薄为文哂未休,18,7.97357,30.10862
尔曹身与名俱灭,1,2.633341,32.036003
不废江河万古流,15,41.24594,11.1211815
才力应难跨数公,7,-10.598016,24.660614
凡今谁是出群雄,4,33.631092,20.622463
不薄今人爱古人,4,24.344353,9.381016
清词丽句必为邻,14,33.835114,0.2896855
窃攀屈宋宜方驾,4,27.044718,31.243107
恐与齐梁作后尘,10,-5.5065975,12.530441
正是江南好风景,14,29.736332,-19.49688
落花时节又逢君,6,20.936975,-22.57618
情教细语传,0,17.370043,-32.874123
不知心大小,19,5.595131,0.9665707
容得许多怜,0,17.64646,-33.705223
芳树无人花自落,9,-40.050564,-35.600807
春山一路鸟空啼,9,35.370544,-25.133602
誓将挂冠去,15,33.2732,38.137398
觉道资无穷,8,35.118572,5.1990623
胜概纷满目,14,39.453472,-6.462501
衡门趣弥浓,8,45.024582,-13.957053
幸有数亩田,8,48.89561,-17.4853
还山愧尘容,7,-9.734419,20.865665
惆怅飞鸟尽,5,-33.811485,-11.02208
天子不召见,7,-13.154407,30.269909
挥鞭遂从戎,15,39.817223,35.734844
高歌披心胸,2,49.989334,6.2684665
为吾谢老翁,12,15.862546,7.613407
琵琶一曲肠堪断,11,-54.5453,-8.186793
岂能贫贱相看老,15,27.65594,25.288626
一生大笑能几回,2,57.429802,-3.9736674
斗酒相逢须醉倒,2,52.07266,-1.5437727
虏骑闻之应胆慑,10,10.019159,38.789528
车师西门伫献捷,4,49.041122,20.897192
亚相勤王甘苦辛,12,-26.592592,37.617912
誓将报主静边尘,15,36.543083,38.348522
古来青史谁不见,6,17.075596,20.881042
今见功名胜古人,4,45.01437,21.195602
愁云惨淡万里凝,5,-36.54145,2.0879753
山回路转不见君,9,-26.95354,-19.3388
雪上空留马行处,9,-27.099525,-19.11724
送君一醉天山郭,16,-2.2339785,-13.267339
正见夕阳海边落,9,-40.159946,-27.056425
柏台霜威寒逼人,10,-2.9632878,14.560954
热海炎气为之薄,14,41.156666,-4.5589156
飞鸟千里不敢来,10,-6.1826673,13.861209
山上孤云随马去,9,36.604767,-33.05384
君不闻胡笳声最悲,11,-47.725143,10.718715
愁杀楼兰征戍儿,5,-37.89221,1.2819064
胡笳怨兮将送君,3,-27.186502,-13.1608
边城夜夜多愁梦,5,-35.905148,-4.0031247
向月胡笳谁喜闻,5,-43.377274,-2.367131
自矜诸马皆不及,4,38.663284,22.416203
满城见者谁不爱,14,39.61372,-9.031997
可怜人马相辉光,4,35.24843,17.59482
男儿称意得如此,15,42.793324,22.646317
待君东去扫胡尘,15,37.046677,35.39812
为君一日行千里,12,29.103367,2.3906338
岂能愁见轮台月,16,20.69797,16.973204
功名只向马上取,15,41.083817,33.341717
真是英雄一丈夫,15,41.20904,27.927004
三十始一命,7,-17.10745,28.825718
宦情都欲阑,7,-26.777155,13.569083
自怜无旧业,13,-25.180063,15.598666
不敢耻微官,4,-6.7299213,21.8701
只缘五斗米,13,-27.256,25.502335
孤负一钓竿,7,-19.090296,-21.523104
夫子且归去,16,-4.2830663,4.594049
明时方爱才,4,24.688456,8.469304
还须及秋赋,16,21.626642,-12.9287195
莫即隐蒿莱,16,6.226828,10.302097
弟兄皆许国,15,37.479923,39.679592
天地荷成功,4,47.21024,21.269548
白发悲花落,6,-42.73834,-7.1374087
青云羡鸟飞,16,32.881657,-6.723712
圣朝无阀事,4,28.13215,16.903286
自觉谏书稀,7,-13.588453,27.180628
汉月垂乡泪,17,-5.603977,-21.222244
胡沙费马蹄,1,-6.569856,1.8595271
寻河愁地尽,16,5.4202194,-7.7558503
送子军中饮,16,-2.8653157,-13.3603
家书醉里题,16,20.303207,-9.190167
相思灞陵月,0,5.0501285,-32.88165
只有梦偏劳,19,5.3872724,-11.735362
勤学翻知误,7,-14.687378,18.679422
为官好欲慵,18,21.984482,27.034523
胜事那能说,14,36.757874,-6.7641926
王孙去未还,3,1.9971434,-20.17516
到来能几日,6,-25.034504,-34.838097
不觉鬓毛斑,6,-17.100101,-0.2459214
强欲登高去,16,38.416645,5.4102592
双袖龙钟泪不干,11,-62.041687,-1.5635142
凭君传语报平安,12,12.945867,-23.980349
看君马去疾如鸟,4,40.406094,8.243596
将军纵博场场胜,2,49.723297,24.955133
赌得单于貂鼠袍,15,49.57673,26.108864
遥忆美人湘江水,0,4.324267,-31.482422
岂力能制敌欤,15,29.872318,27.129826
诸使何为忍苦征敛,13,-4.9537,36.29609
使臣将王命,15,19.269281,40.206837
岂不如贼焉,18,2.2250965,30.389019
今被征敛者,13,-30.48177,31.564335
迫之如火煎,10,-3.5170777,39.99045
谁能绝人命,1,-0.72999287,36.324318
以作时世贤,4,29.595903,16.873129
思欲委符节,16,-6.748751,26.022413
引竿自刺船,8,31.708115,6.9064164
我心与瀼人,16,15.051352,2.4345188
岂有辱与荣,18,19.531504,21.573849
瀼人异其心,18,0.13569851,15.269081
应为我冠缨,18,24.253649,14.563254
昔贤恶如此,7,0.416239,24.515245
所以辞公卿,8,27.82515,12.086325
尤爱一溪水,8,43.510227,-21.024061
而能存让名,4,29.787613,18.26547
终当来其滨,16,20.579159,-16.657907
饮啄全此生,8,18.500546,24.043781
唱桡欲过平阳戍,16,13.243654,-11.169294
守吏相呼问姓名,10,-1.9938705,12.081935
乘兴轻舟无远近,2,45.131245,-6.3066382
白云明月吊湘娥,16,5.978301,-16.158424
犹恐春阴咽管弦,10,-7.769171,9.080511
蹉跎岁月馀,6,-18.938005,-32.569817
寂寞竟何如,9,-34.82389,-26.09374
离人无语月无声,3,-29.018078,-18.058971
明月有光人有情,12,23.526752,-28.999973
别后相思人似月,0,5.1531715,-33.764095
至亲至疏夫妻,18,-8.169769,4.2175875
以我独沉久,9,-32.326546,-24.939869
愧君相见频,7,-10.53569,20.474504
禅宫亦销歇,6,-39.724,-20.307823
尘世转堪哀,11,-44.65083,2.4266722
处处伴愁颜,5,-31.999664,-0.78578603
知有前期在,16,21.295156,-16.584213
难分此夜中,0,8.169825,-30.707024
江村月落正堪眠,8,39.130493,-23.431904
纵然一夜风吹去,16,1.6401451,3.7121577
王孙耐薄游,16,6.7611604,-9.156872
使君怜小阮,12,20.63278,-34.798473
应念倚门愁,3,0.24975011,-23.154457
独游屡忘归,8,41.06373,-28.740702
月明不能去,0,6.685912,-30.311459
更怜垂纶叟,8,15.212936,-25.556515
叹息分枝禽,5,-27.669226,2.546813
何时更相遇,3,6.0873394,-20.42241
今夕遥天末,16,13.008118,-19.324741
清光几处愁,5,-33.29518,-4.6088243
惟怜一灯影,9,-33.648857,-30.83849
颖上逃尧者,18,15.148457,14.531166
何如此养真,8,45.303284,-22.616932
冯夷空自舞,18,7.655276,5.259253
楚客不堪听,11,-38.83617,-4.308912
苦调凄金石,11,-47.5773,-0.6871795
苍梧来怨慕,3,-41.424274,-2.2569458
流水传潇浦,16,15.506879,-11.700547
悲风过洞庭,9,-46.59331,9.260744
潇湘何事等闲回,19,0.6028638,-19.715437
不胜清怨却飞来,5,-28.055265,-4.125279
鼓鼙悲绝漠,1,-47.445984,13.042045
莫断阴山路,16,6.8433614,9.402464
不知墙外是谁家,19,5.102723,-2.005873
疑有碧桃千树花,14,34.492443,-12.324174
且待寻思记得无,19,0.16393977,-3.4086695
哀闽也,1,-48.119053,6.3449306
天道无知,18,15.907929,24.499071
我罹其毒,13,-29.199091,17.002377
神道无知,18,15.760246,24.523005
彼受其福,14,29.09092,-3.7186048
郎罢别囝,3,-18.981434,-6.4225974
吾悔生汝,7,-20.780642,19.288475
囝别郎罢,3,-18.983532,-6.42725
心摧血下,1,-50.9652,7.483433
不得在郎罢前,7,-11.017472,1.8453728
风送宫嫔笑语和,14,55.482994,-7.5307393
莫嗔焙茶烟暗,14,21.908781,-2.0466492
却喜晒谷天晴,14,51.89185,-9.035017
不羡黄金罍,8,29.40034,11.521984
不羡白玉杯,8,29.23785,11.466029
不羡朝入省,8,29.491093,11.34382
不羡暮入台,8,29.352478,11.160353
惟羡西江水,16,32.994057,-6.7255936
他乡寒食远堪悲,11,-40.0259,-5.997692
贫居往往无烟火,13,-31.281116,26.384863
更催飞将追骄虏,15,42.026596,31.94882
莫遣沙场匹马还,1,-47.69811,19.562162
剑阁迢迢梦想间,16,8.22027,-13.419743
行人归路绕梁山,16,12.290717,-8.234872
乘轺奉紫泥,4,19.360817,40.12036
泽国渺天涯,9,-12.638821,-22.51892
更有高堂处,16,14.503896,-2.0774465
知君路不迷,12,24.04707,0.8404907
常恐道路旁,10,-7.4167824,11.212679
掩弃狐兔茔,10,-39.63592,15.089286
所愿死乡里,12,28.154762,38.96937
到日不愿生,1,-42.517574,19.11001
闻此哀怨词,11,-44.698288,0.89884835
念念不忍听,11,-22.061792,-6.8498826
欲识怀君意,0,6.294265,-34.763084
明朝访楫师,16,13.559455,-13.942844
持刀斫地翻作泥,1,2.2642114,35.2628
自言家贫母年老,13,-34.866997,26.074286
长兄从军未娶嫂,7,-9.933793,6.1039314
头巾掩面畏人识,10,-8.520202,17.305868
姊妹相携心正苦,11,-28.785423,-7.5648413
共惜余芳泪满衣,11,-60.051807,-1.4168099
旅馆谁相问,9,-35.353447,-30.892925
寒灯独可亲,9,-34.291954,-30.279242
寥落悲前事,6,-36.579224,-21.856436
愁颜与衰鬓,5,-19.874702,0.54504406
松下茅亭五月凉,14,39.45115,-15.147884
行人无限秋风思,17,-5.4596033,-22.403238
始知下客不可轻,18,12.408514,24.994402
能使主人功业成,4,47.264153,23.04392
借问高车与珠履,4,21.731525,30.09158
何如卑贱一书生,18,26.438457,24.833487
何似诸仙琼蕊浆,14,35.5338,-11.6540985
情思爽朗满天地,2,44.352413,9.714226
忽如飞雨洒轻尘,14,33.685463,-15.021314
何须苦心破烦恼,8,43.64602,-8.698747
此物清高世莫知,18,-29.119423,-26.832209
世人饮酒多自欺,18,6.3243303,28.298855
愁看毕卓瓮间夜,5,-34.482265,-0.77438635
笑向陶潜篱下时,8,48.90724,-14.743509
狂歌一曲惊人耳,2,48.039673,4.130693
桃源梦已稀,6,-26.94915,-22.929588
应愧背船飞,7,1.8002819,9.922937
丘垄已前悲,6,-41.689865,13.954283
今日又非昔,6,-15.558217,-18.018475
春风能几时,6,-25.292679,-34.696712
愁心一倍长离忧,5,-32.371056,-1.8434645
夜思千重恋旧游,17,1.802401,-31.260769
别恨转深何处写,3,-26.858894,-8.258597
欲得周郎顾,0,12.272607,-38.278397
时时误拂弦,7,-2.139175,2.0922186
烦疴近消散,14,44.444027,-10.402212
自惭居处崇,7,-8.898418,20.911701
神欢体自轻,2,46.59928,-9.905395
意欲凌风翔,15,39.67415,5.6828833
今朝郡斋冷,9,-40.279404,-29.942404
忽念山中客,16,2.4218297,-28.73912
欲持一瓢酒,2,45.921856,-2.1735575
远慰风雨夕,16,22.494396,-8.657252
喜随众草长,14,27.7526,-16.692225
得与幽人言,8,21.406614,-26.554462
问客何为来,19,3.8509593,-0.86402506
昨别今已春,6,-15.547049,-17.424662
鬓丝生几缕,6,-17.251719,-0.23562273
相送情无限,3,-2.4727604,-33.250957
沾襟比散丝,11,-60.570763,-3.2803028
相逢每醉还,2,51.700153,-3.7018566
欢笑情如旧,2,53.40365,-7.490706
萧疏鬓已斑,6,-17.982492,-0.9426773
何因不归去,19,1.0146499,-18.620659
空斋归思多,17,-7.8562617,-27.59198
方用忧人瘼,13,-33.818127,34.20702
况自抱微痾,13,-28.32984,14.938165
颜鬓已蹉跎,6,-19.108952,-31.74274
窗里人将老,6,-34.63724,-16.343859
那能忘归游,16,14.256412,-9.776468
为报洛桥游宦侣,16,11.451625,-22.428139
扁舟不系与心同,8,42.831627,-15.947322
世事茫茫难自料,19,-4.1758275,-1.6132917
春愁黯黯独成眠,5,-37.154366,-7.387659
身多疾病思田里,17,-8.417783,-26.488813
邑有流亡愧俸钱,7,-11.465922,20.856268
怀君属秋夜,17,1.3904606,-33.15172
幽人应未眠,8,37.73424,-28.391642
故园眇何处,17,-8.349707,-22.756979
归思方悠哉,17,-7.0801196,-26.946669
坐厌淮南守,7,-16.517298,42.196484
流岁暗蹉跎,6,-19.38365,-32.033848
独怜幽草涧边生,9,38.75148,-29.353048
雨中禁火空斋冷,9,-40.076977,-29.88351
江上流莺独坐听,9,36.452877,-29.252558
把酒看花想诸弟,17,-0.5711533,-27.526299
归仍万里赊,17,-10.571936,-22.76916
寒梦不离家,17,-7.5843687,-24.881725
辛苦向天涯,13,-31.869862,22.840975
秋来边将心,1,-2.7895768,27.60004
知是将军夜猎还,14,37.01824,28.256912
又得书窗一夜明,14,26.554642,-22.07716
柳条藤蔓系离情,3,-24.219112,-12.172937
欲别频啼四五声,11,-62.489704,-3.9552307
怅望南徐登北固,16,-32.52242,-13.367995
迢遥西塞恨东关,3,-40.269592,-1.9114118
落日临川问音信,19,2.6744323,-18.45637
寒潮唯带夕阳还,9,-40.389004,-26.740992
秋夜沉沉此送君,3,-26.642483,-16.339203
阴虫切切不堪闻,10,-38.156124,15.30375
烟霞羡独行,8,43.11131,-19.056568
相思一磬声,0,5.139913,-32.94522
赖逢邻女曾相识,12,20.695812,-25.435823
并著莲舟不畏风,15,38.02702,25.27897
今日征行何岁归,17,-6.7055035,-11.911695
心知旧国西州远,17,-8.351503,-21.750736
西向胡天望乡久,17,-5.591735,-24.757227
风沙满眼堪断魂,11,-48.24969,8.598224
古来愁杀汉昭君,11,-38.94755,2.1941419
十年离乱后,11,-52.222275,17.094322
长大一相逢,12,21.347239,-24.489634
问姓惊初见,10,7.715728,-0.061588205
称名忆旧容,0,0.94361204,-30.990295
别来沧海事,16,-15.668978,-18.639372
语罢暮天钟,16,33.571445,-27.44612
明日巴陵道,16,13.444968,-13.678498
秋山又几重,9,-46.278557,-26.218437
事去千年犹恨速,6,-22.721325,-29.256159
愁来一日即为长,5,-32.541443,-1.2411973
风烟并是思归望,17,-5.5474706,-26.231266
远目非春亦自伤,5,-40.232754,-9.001003
嫁得瞿塘贾,13,-12.388991,6.2661443
朝朝误妾期,3,-23.402418,-0.9353989
早知潮有信,19,-18.81418,-27.316414
嫁与弄潮儿,16,18.579943,-39.653206
蕃州部落能结束,15,36.4526,29.681923
不知何处吹芦管,17,-10.531172,-29.644476
一夜征人尽望乡,17,-4.0496593,-22.531193
惆怅秦城送独归,5,-33.541714,-11.07828
伏波惟愿裹尸还,15,38.490116,38.04842
定远何须生入关,15,38.682293,35.472805
莫遣只轮归海窟,1,2.7930505,41.658092
仍留一箭定天山,15,41.409412,30.209894
万里关山今不闭,16,44.525703,12.97976
汉家频许郅支和,18,12.457707,36.200752
万夫失容千马战,15,43.572674,31.806538
传呼贺拜声相连,2,55.09606,7.7798543
杀气腾凌阴满川,1,2.367179,40.015045
始知缚虎如缚鼠,18,11.599923,12.681136
败寇降羌在眼前,1,12.730688,38.22591
祝尔嘉词尔无苦,14,29.196728,-3.0838885
愿纪雄名传百蛮,15,38.18573,36.101444
两行灯下泪,11,-59.115307,-1.9512537
殷勤报贾傅,12,17.944382,8.301139
家在梦中何日到,17,-7.841599,-24.242887
春来江上几人还,17,-13.86206,-17.267784
谁念为儒逢世难,7,-16.966202,31.536062
独将衰鬓客秦关,17,-14.4638195,-7.4759455
三湘衰鬓逢秋色,6,-19.29968,-1.8504326
万里归心对月明,17,-4.9596634,-27.890345
旧业已随征战尽,6,-50.588634,17.037962
更堪江上鼓鼙声,1,-50.472466,22.272287
千营共一呼,15,43.790752,32.27128
欲将轻骑逐,15,40.036682,33.396538
行多有病住无粮,13,-30.368187,25.221722
万里还乡未到乡,17,-9.890269,-22.744225
蓬鬓哀吟古城下,11,-42.926777,-5.7208495
不堪秋气入金疮,11,-45.095222,-9.426923
风吹昨夜泪,11,-58.57806,-2.3275297
一片枕前冰,14,15.06494,-3.7281227
萧娘脸薄难胜泪,11,-59.073334,-3.7138596
桃叶眉长易觉愁,5,-31.377705,-4.022867
二分无赖是扬州,0,17.241194,-9.703311
人面不知何处去,3,-31.075605,-17.835693
桃花依旧笑春风,14,29.85858,-17.11334
不嫌惊破寒窗梦,14,22.923279,-2.3635862
却恐为奴半夜啼,10,-7.1102543,11.023345
岁岁金河复玉关,17,-8.60248,-11.295168
朝朝马策与刀环,1,12.059419,42.504517
一夜潺湲送客愁,5,-36.13478,-4.8186903
曲引边声怨思长,5,-41.32714,-1.163541
贞女贵殉夫,18,-43.005577,21.941017
舍生亦如此,15,39.221603,40.38876
波澜誓不起,15,32.849503,40.02322
妾心井中水,0,6.327007,-37.09532
到此悔读书,7,-14.756935,18.750824
朝朝近浮名,18,17.270203,28.994621
苦痛不可逃,13,-32.29183,20.248688
寒者愿为蛾,12,20.417616,-0.26078147
烧死彼华膏,1,0.91839594,36.036373
游遨者是谁,19,4.517791,-1.1615508
君子为郁陶,7,-29.06908,5.710649
杜鹃声不哀,14,22.491482,-1.0171921
断猿啼不切,11,-47.07236,-3.2921987
一声肠一绝,11,-54.191196,-8.89894
客闻发自白,16,7.2227974,-6.666324
欲令游子归,17,-4.83981,-29.089703
临行密密缝,12,-8.370301,-32.46864
意恐迟迟归,17,-8.999582,9.98811
谁言寸草心,12,4.816606,51.050735
报得三春晖,12,4.813082,51.05095
目极魂断望不见,3,-54.42433,-11.242496
猿啼三声泪滴衣,11,-54.375122,-6.312857
试妾与君泪,0,-62.20812,-8.996838
两处滴池水,16,15.917683,0.2905969
看取芙蓉花,14,31.841232,-16.97892
今年为谁死,1,-43.539867,19.844389
欲别牵郎衣,0,-22.238024,-9.032569
不恨归来迟,14,23.544712,-2.598167
莫向临邛去,16,6.105079,10.722543
昔日龌龊不足夸,7,-13.666437,32.7106
今朝放荡思无涯,2,46.46154,0.4269077
春风得意马蹄疾,2,51.211285,11.237607
一日看尽长安花,2,51.3429,11.431332
铅华不可弃,18,22.224056,13.861851
莫是藳砧归,16,4.887818,-23.542025
为看九天公主贵,4,22.755116,30.728817
深宫更有何人到,9,-36.26397,-28.89295
只晓金阶吠晚萤,18,9.277611,14.126543
长安恶少出名字,18,26.049524,28.465776
楼下劫商楼上醉,2,42.222553,1.0466619
百回杀人身合死,1,0.37003002,37.242027
男声欣欣女颜悦,14,54.82795,-6.937463
人家不怨言语别,18,22.569784,-3.4835916
田家衣食无厚薄,8,31.134453,13.588669
不见县门身即乐,8,47.342197,-10.119172
百年欢乐能几何,6,-24.029314,-35.908188
在家见少行见多,16,8.673334,-8.611986
不缘衣食相驱遣,13,-27.712917,25.602917
此身谁愿长奔波,13,15.525542,31.039366
岂向天涯走碌碌,7,15.589348,31.021626
家人见月望我归,17,-4.9252176,-29.160313
正是道上思家时,17,-3.4086134,-25.45415
人意叮咛镜神圣,12,16.96738,4.805587
出门愿不闻悲哀,14,28.239721,-2.6416
郎在任郎回不回,19,5.187606,-23.868494
卷帷上床喜不定,14,53.13052,7.561907
不回头,16,6.1055584,-8.361373
行人归来石应语,19,11.96748,-7.282906
桃花百叶不成春,6,-42.53233,-12.840687
鹤寿千年也未神,18,13.971081,17.465199
王侯家为牡丹贫,18,9.141395,25.06335
相逢总是学狂人,2,47.974724,2.128049
三日入厨下,14,19.360298,2.2474918
洗手作羹汤,12,19.377707,2.229817
未谙姑食性,10,11.717377,6.7862167
先遣小姑尝,14,11.964247,6.768662
闲着中庭栀子花,8,39.938545,-20.713623
太平万岁字当中,4,52.064243,19.573298
斜风细雨不须归,14,39.602413,-18.65832
至夜转清迥,9,35.432476,-27.07371
萧萧北风厉,1,-42.22678,-29.434101
泠然夜遂深,9,37.011562,-26.439434
白露沾人袂,9,-42.02959,-25.44554
山光悦鸟性,14,45.979958,-15.486543
潭影空人心,8,42.899994,-24.130072
万籁此俱寂,9,33.704346,-29.263489
今与山鬼邻,19,1.7653689,12.332718
残兵哭辽水,11,-48.732807,14.750794
老农家贫在山住,13,-31.742722,26.477001
苗疏税多不得食,13,-33.607834,30.196127
呼儿登山收橡实,14,42.63644,-11.042636
采莲女儿并船歌,14,32.923172,-18.263922
争前竞折漾微波,14,50.114223,26.720488
归时共待暮潮上,16,19.71478,-17.550236
自弄芙蓉还荡桨,14,34.029995,-16.863865
感君缠绵意,0,18.812117,-32.692757
还君明珠双泪垂,11,-63.40559,-1.2617317
恨不相逢未嫁时,3,-24.424566,-1.895243
欲作家书意万重,17,-2.2785559,-20.460213
复恐匆匆说不尽,0,-1.755905,-19.637394
应驮白练到安西,16,25.93749,4.741585
无人解道取凉州,7,-14.172373,21.58561
不知群儿愚,18,8.6447735,28.838541
那用故谤伤,18,1.123997,29.682625
蚍蜉撼大树,4,11.113433,32.135223
可笑不自量,18,9.677698,31.256516
我愿生两翅,16,30.097193,-6.880098
捕逐出八荒,15,42.917595,31.42563
顾语地上友,12,19.415884,-24.343195
经营无太忙,8,15.427155,11.939109
乞君飞霞佩,16,28.45265,-7.7201643
与我高颉颃,18,24.696571,16.225155
嗟余有两耳,7,-13.512215,-42.02057
未省听丝篁,19,-1.4249085,1.452549
自闻颖师弹,14,36.88162,-8.392922
起坐在一旁,18,4.0727024,6.267646
推手遽止之,10,-0.07824572,11.474775
湿衣泪滂滂,11,-58.952312,1.2279621
颖乎尔诚能,4,31.036749,16.210938
无以冰炭置我肠,18,20.471882,19.79708
嗟哉董生,7,-14.269973,-43.207695
朝出耕,13,-25.236416,35.935753
夜归读古人书,8,31.06202,-29.205893
嗟哉董生孝且慈,12,-13.596322,-43.96212
人不识,19,-30.508566,-25.965855
惟有天翁知,19,5.85876,1.753815
嗟哉董生,7,-14.266527,-43.21243
谁将与俦,19,-15.074853,-25.958801
亦独何心嗟哉董生无与俦,18,7.576477,16.951048
人生如此自可乐,2,48.059456,-9.1802225
岂必局束为人,2,37.109055,10.502617
嗟哉吾党二三子,7,-14.668997,-43.624233
安得至老不更归,16,9.404599,-17.401768
将军仰笑军吏贺,4,49.706673,21.578306
此诚习战非为剧,15,36.204952,28.969646
岂若安坐行良图,8,14.368147,11.966327
当今忠臣不可得,7,-11.194979,30.099756
公马莫走须杀贼,15,35.63308,33.960896
不能听终泪如雨,11,-59.58705,0.46711034
君歌声酸辞且苦,11,-47.49918,-0.35618475
我歌今与君殊科,18,7.5940065,18.557203
有酒不饮奈明何,2,43.277164,-0.2190113
潜心默祷若有应,12,17.673407,4.5755205
岂非正直能感通,12,22.338684,11.244825
森然魄动下马拜,10,-3.7732556,10.393197
欲以菲薄明其衷,12,20.669107,7.639615
窜逐蛮荒幸不死,18,18.769613,13.613369
日暮归来独惆怅,5,-34.433567,-10.551979
有卖直欲倾家资,18,19.819578,31.691303
倒身甘寝百疾愈,8,45.55398,-10.563744
却愿天日恒炎曦,14,30.907597,-4.494103
明珠青玉不足报,12,19.570278,10.40593
淮南悲木落,5,-43.859055,-7.172872
而我亦伤秋,5,-40.554955,-8.986601
况与故人别,3,-25.245426,-15.2291
那堪羁宦愁,5,-11.681879,-11.604706
荣华今异路,6,14.335067,20.178583
风雨昔同忧,12,21.852894,-6.983511
对此涕泪双滂沱,11,-60.36488,2.0178113
圣恩若许留太学,4,38.27246,16.933695
诸生讲解得切磋,14,15.015341,10.030779
呜呼吾意其蹉跎,7,-19.495169,-32.620316
愿借辨口如悬河,4,35.601,23.144157
嗟予好古生苦晚,7,-13.113014,-41.20253
豪家少年岂知道,18,10.28589,24.92776
来绕百匝脚不停,14,48.00429,10.695263
仙梯难攀俗缘重,7,-8.780144,-5.313117
浪凭青鸟通丁宁,0,10.733168,-23.313288
远胜登仙去,2,41.565506,5.563687
飞鸾不假骖,4,33.592358,12.869348
夕贬潮州路八千,11,-12.182355,-7.861233
肯将衰朽惜残年,7,-20.326649,10.280155
云横秦岭家何在,17,-5.215282,-17.426878
好收吾骨瘴江边,1,-41.83286,18.030142
最是一年春好处,14,28.910913,-18.257673
刺史莫辞迎候远,12,16.692802,6.7914824
相公新破蔡州回,4,49.34689,20.045841
杨花榆荚无才思,18,9.531132,22.448563
惟解漫天作雪飞,14,33.94907,-15.40291
公主当年欲占春,0,15.902676,-38.437717
便有无穷求福人,14,29.987965,-3.9542484
谁言千里自今夕,16,28.628563,1.7907474
离梦杳如关塞长,3,-28.828903,-16.157362
提笼忘采叶,0,-2.3234594,2.1799521
昨夜梦渔阳,16,8.282901,-11.906288
愁听寒螿泪湿衣,5,-37.210278,-5.3529925
欲寄征人问消息,17,-1.5496311,-19.550177
征衣未寄莫飞霜,3,-2.357484,-18.56037
更欲随潮向富春,16,29.381327,-9.019985
早晚重过渔浦宿,16,9.232254,-11.589046
遥怜佳句箧中新,16,8.826688,-22.347492
甘爽,14,38.213814,-12.537708
乃人间灵液,14,35.85378,-11.807251
含漱开神虑,8,35.684658,-4.4420595
茶得此水,14,37.200016,-12.114312
皆尽芳味,14,22.879745,-11.083418
农夫犹饿死,13,-34.742073,30.386229
谁知盘中餐,13,-36.75554,29.011156
粒粒皆辛苦,13,-36.652634,29.032688
低头独长叹,5,-37.42455,-10.543908
此叹无人谕,7,-30.560465,-25.212173
贾谊哭时事,11,-59.897373,11.131895
阮籍哭路歧,11,-55.71463,5.0766525
唐生今亦哭,11,-55.478535,6.519739
异代同其悲,7,-40.75738,7.092577
所悲忠与义,1,-43.207844,21.236872
悲甚则哭之,11,-49.118904,5.124997
每见如此事,7,0.10564355,24.244015
声发涕辄随,11,-59.899265,1.2783709
怜君头半白,3,-12.41164,-2.8904386
其志竟不衰,15,30.874626,41.932304
我亦君之徒,7,9.439824,11.949265
郁郁何所为,7,-28.943518,5.999672
不能发声哭,11,-52.916546,4.3659863
转作乐府诗,14,34.399803,2.4146504
非求宫律高,8,31.981937,10.1385765
不务文字奇,8,32.47866,10.448919
惟歌生民病,13,-34.150135,33.302113
愿得天子知,15,32.70884,35.690643
甘受时人嗤,18,14.567348,27.219173
不惧权豪怒,15,39.58448,26.709024
亦任亲朋讥,18,22.722013,20.148987
呼作狂男儿,15,35.48295,26.027498
但自高声歌,2,45.682865,4.519447
庶几天听卑,18,-3.3220997,22.231722
歌哭虽异名,18,17.90485,26.49292
所感则同归,12,22.895086,-5.964521
与君为哭词,11,-55.026474,6.040249
愍怨旷也,3,-48.626534,-5.866825
上阳人,16,-11.411089,4.8381658
苦最多,13,-32.289635,20.387913
少亦苦,13,-31.81769,20.080023
老亦苦,13,-31.588278,19.927553
少苦老苦两如何,6,-23.69781,13.193483
君不见昔时吕向美人赋,16,4.25565,15.920388
又不见今日上阳宫人白发歌,6,-38.864067,-15.463394
痛不眠,13,-31.34471,16.296524
终不悔,15,31.782343,42.61834
且喜老身今独在,14,52.30942,-10.451571
村南村北哭声哀,11,-50.26696,11.244065
儿别爷娘夫别妻,3,-24.358015,-9.508947
万人冢上哭呦呦,11,-49.68009,12.805684
边功未立生人怨,7,-9.670435,32.48671
请问新丰折臂翁,19,3.854527,2.4976668
忧蚕桑之费也,13,-30.57005,30.5061
宣州太守知不知,19,4.096159,1.0235152
一丈毯,14,16.587664,1.3486385
千两丝,16,16.233847,1.0590788
地不知寒人要暖,12,20.378841,-0.27678958
少夺人衣作地衣,18,9.190353,25.52866
为君一日恩,12,18.228313,9.904555
误妾百年身,3,-23.95329,-0.27853546
慎勿将身轻许人,10,-5.7075696,15.8455715
瓶沉簪折可奈何,7,-23.127588,6.360107
似妾今朝与君别,3,-24.002611,-10.165534
今日悲羞归不得,11,-46.40518,4.424625
寄言痴小人家女,18,12.139355,8.87463
汉皇重色思倾国,0,38.53098,1.0724589
从此君王不早朝,18,4.142378,20.681414
可怜光彩生门户,7,-49.05876,-16.484802
不重生男重生女,12,21.736204,1.2911835
尽日君王看不足,4,38.3046,0.5492021
回看血泪相和流,11,-51.4082,13.332956
圣主朝朝暮暮情,0,8.496756,-37.545414
夜雨闻铃肠断声,11,-55.355927,-7.8671584
对此如何不泪垂,11,-59.931488,0.572227
悠悠生死别经年,3,-32.79576,-19.030485
魂魄不曾来入梦,11,-41.408276,10.150892
为报君王辗转思,0,8.367494,-37.37537
玉容寂寞泪阑干,11,-56.77721,-2.3409479
一别音容两渺茫,3,-28.862312,-16.163073
昭阳殿里恩爱绝,3,-55.749367,-14.933958
唯将旧物表深情,12,3.4708374,-37.89261
但令心似金钿坚,12,16.463503,-29.224031
天长地久有时尽,6,-25.054173,-27.194046
此恨绵绵无绝期,3,-26.723326,-7.2790017
唯见真娘墓头草,6,-44.34644,-20.130075
真娘死时犹少年,6,-20.713724,7.6548576
肤荑手不牢固,18,15.909753,-1.2346824
世间尤物难留连,6,-22.368301,-24.439316
难留连,3,-21.529669,-24.416452
易销歇,6,-25.783676,-34.267742
塞北花,16,16.55537,-2.3736565
江南雪,14,31.697247,-22.249537
来如春梦几多时,6,-25.822668,-36.257225
去似朝云无觅处,3,-26.204514,-21.805151
醉不成欢惨将别,11,-49.562996,1.2609175
别时茫茫江浸月,3,-28.443151,-17.422491
似诉平生不得意,7,-18.739925,27.006268
说尽心中无限事,2,50.13179,6.6631813
别有幽愁暗恨生,5,-41.772717,0.8134729
梦啼妆泪红阑干,11,-57.267803,-4.918323
我闻琵琶已叹息,5,-26.731403,2.3116567
又闻此语重唧唧,11,-50.641895,-2.5928655
同是天涯沦落人,3,-27.970524,-30.738895
春江花朝秋月夜,14,29.269632,-22.93529
杜鹃啼血猿哀鸣,11,-48.088158,-3.8044822
呕哑嘲哳难为听,13,-46.43881,-0.10487021
凄凄不似向前声,11,-48.69547,-0.9822019
满座重闻皆掩泣,11,-58.857517,5.72007
江州司马青衫湿,11,-56.527973,-0.579601
又送王孙去,3,-24.031734,-14.865737
萋萋满别情,3,-24.776514,-12.184248
故人千万里,17,-1.4499675,-30.309555
两地新秋思,17,-4.8313084,-26.46198
应同此日情,12,22.649057,-6.0905128
将何迎睡兴,19,13.462449,-5.927701
临卧举残杯,16,19.886263,-9.855068
谁家教鹦鹉,14,12.416225,6.6538157
故故语相惊,10,-1.0457877,12.356555
最爱湖东行不足,14,39.76675,-8.977302
陶陶任性一生间,2,47.866238,-6.9202805
自抛官后春多梦,8,41.126812,-19.074465
不读书来老更闲,8,30.556862,-32.31426
谁道吾今无往还,16,28.07494,0.95845395
能饮一杯无,14,15.43493,-17.558044
长恨春归无觅处,3,-27.44932,-5.996098
不知转入此中来,19,6.9025984,-2.314178
可怜九月初三夜,0,28.967323,-25.999298
邯郸驿里逢冬至,17,-9.644725,-24.3965
抱膝灯前影伴身,9,-34.115574,-29.694645
想得家中夜深坐,17,-4.9585385,-31.427828
还应说着远游人,16,2.2069108,-12.695131
黄金何日赎蛾眉,7,-17.346918,20.927649
君王若问妾颜色,0,12.501155,-39.680378
莫道不如宫里时,18,16.108519,18.854673
泪湿罗巾梦不成,11,-57.590714,-5.3542347
红颜未老恩先断,11,-55.70152,-14.981146
斜倚熏笼坐到明,9,31.192062,-34.18947
自弹自感暗低容,0,0.4744545,-40.858223
别有深情一万重,0,3.778591,-38.530525
花寒懒发鸟慵啼,9,-43.715782,-13.840042
逢郎欲语低头笑,0,11.469601,-41.05689
竹枝苦怨怨何人,5,-43.11774,-0.34251225
愁杀江楼病使君,5,-34.971188,-0.1562673
怪来调苦缘词苦,7,-20.398335,21.043264
多是通州司马诗,7,-31.33269,8.165118
但闻怨响音,5,-43.6829,0.4606999
时时一大笑,2,58.96117,-8.403844
此必相嘲嗤,18,7.992942,30.717596
计吏笑致辞,14,58.155334,-9.86038
我作官人去,16,24.553587,3.2462666
嘈然歘起初骇听,10,5.516327,37.443882
喧腾鼓舞喜昏黑,2,54.47006,7.6294107
我孤尔众能我伤,7,-13.991601,15.799795
羞尔微形饲丹鸟,18,-7.4225864,19.82967
可怜光景何时尽,6,-48.627567,-14.77509
谁能低回避鹰隼,10,-2.113895,17.991343
天生羽族尔何微,18,6.0696406,25.619043
索寞无言蒿下飞,9,-36.592224,-25.719378
昏镜非美金,18,1.6407167,23.530308
漠然丧其晶,18,-47.39652,-30.132544
陋容多自欺,18,-6.4525113,20.322424
谓若他镜明,18,18.054964,0.7885922
一日四五照,14,15.606386,1.2645133
自言美倾城,4,37.658405,2.9943519
秦宫岂不重,18,5.089717,17.721231
非适乃为轻,18,33.405773,10.112048
人世几回伤往事,6,-36.81342,-14.833702
故垒萧萧芦荻秋,9,-43.588734,-25.412554
昔看黄菊与君别,16,-20.89835,-15.057065
今听玄蝉我却回,16,7.0193043,-11.937509
为君扶病上高台,12,-19.78411,10.355191
巴山楚水凄凉地,9,-42.345318,-23.65868
二十三年弃置身,7,-19.952042,29.103598
暂凭杯酒长精神,2,51.75746,4.421928
偏能识主为情通,12,19.1555,-29.624554
亸翅愁时愿见风,5,-33.728947,-7.043296
事须安置入深笼,10,11.635516,12.590408
朱雀桥边野草花,6,-41.73239,-21.18528
乌衣巷口夕阳斜,9,-41.509716,-21.220562
旧时王谢堂前燕,6,-39.381397,-18.274069
飞入寻常百姓家,14,29.790895,-1.9089754
桃花净尽菜花开,14,30.064428,-16.935745
种桃道士归何处,19,-26.838604,-23.346766
前度刘郎今又来,14,20.650936,-22.388863
重闻天乐不胜情,0,37.358387,-8.640427
更与殷勤唱渭城,12,-1.8588465,-14.3386
唱尽新词欢不见,5,-20.640701,-25.18407
北人莫上动乡情,17,-6.0958767,-25.184132
道是无晴却有晴,0,12.88495,-33.87942
花红易衰似郎意,0,-45.953655,-13.844105
水流无限似侬愁,5,-30.182985,-3.428449
数株残柳不胜春,6,-42.507595,-12.697813
恨无消息到今朝,3,-24.088882,-4.5332465
如今直上银河去,2,40.543625,5.7658343
同到牵牛织女家,16,25.578875,-33.474415
莫道谗言如浪深,15,28.215773,23.877356
莫言迁客似沙沉,18,19.101925,16.976002
千淘万漉虽辛苦,13,19.08857,46.887566
吹尽狂沙始到金,15,19.11907,46.880203
终日望夫夫不归,3,5.2908993,-25.60331
化为孤石苦相思,3,-28.53105,-9.940084
淡然离言说,8,44.84644,-24.153658
悟悦心自足,8,46.14878,-12.905687
去国魂已游,17,-7.518651,-17.875172
怀人泪空垂,3,-58.01612,-6.482843
孤生易为感,9,-31.106802,-29.714447
失路少所宜,7,-17.419958,28.68071
索寞竟何事,9,-36.30187,-25.772532
徘徊只自知,9,-32.528065,-25.847536
谁为后来者,19,3.1447227,1.1206286
久为簪组累,13,-26.475237,23.326952
幸此南夷谪,18,19.249136,14.723536
长歌楚天碧,16,42.983906,9.433899
蚕丝尽输税,13,-30.292318,31.386944
机抒空倚壁,7,3.109129,6.2502775
公门少推恕,7,-6.060877,35.83982
鞭朴恣狼藉,1,1.1395532,36.868187
努力慎经营,10,-23.83131,36.39419
肌肤真可惜,11,-21.967884,7.730582
迎新在此岁,14,24.743717,-17.72286
唯恐踵前迹,10,-5.6147203,12.712962
欸乃一声山水绿,14,34.014206,-21.320269
岩上无心云相逐,8,41.920376,-21.84375
海天愁思正茫茫,5,-36.524475,-1.8914866
江流曲似九回肠,5,-28.949053,-2.5150728
犹自音书滞一乡,17,-18.258806,-13.512663
零落残魂倍黯然,5,-37.41921,-7.606424
双垂别泪越江边,3,-61.154438,-4.720712
欲知此后相思梦,0,5.851042,-33.82436
孤舟蓑笠翁,9,39.467453,-31.318134
独钓寒江雪,9,39.391167,-30.996141
哀猿何处鸣,5,-46.510666,-3.3371744
孤臣泪已尽,11,-58.2097,3.8637578
宦情羁思共凄凄,5,-43.372505,-17.272133
春半如秋意转迷,5,-40.188602,-12.694995
秋来处处割愁肠,5,-34.268738,1.6464072
散向峰头望故乡,17,-4.000474,-24.2667
才入维扬郡,16,10.141312,-7.2683063
乡关此路遥,17,-7.6938844,-21.901224
客衣今日薄,13,-36.507362,8.692648
寒气近来饶,10,-41.86638,-30.93457
织妇何太忙,13,-31.348087,32.347427
羡他虫豸解缘天,18,24.872786,11.191392
愿官早胜仇早覆,15,35.93559,33.635773
誓不遣官军粮不足,15,34.736546,38.171234
慕诗客,0,24.904018,7.12027
爱僧家,8,43.927216,-22.028238
洗尽古今人不倦,8,39.268093,-3.1467378
将至醉后岂堪夸,18,42.550568,0.80079263
归来如梦复如痴,19,1.0895891,-7.3958097
何暇备言宫里事,18,10.748745,15.5723915
万姓无声泪潜堕,11,-51.145424,12.806132
指似傍人因恸哭,11,-55.716103,8.51872
却出宫门泪相续,11,-58.381596,-0.67121536
我闻此语心骨悲,11,-47.500797,4.0427136
太平谁致乱者谁,1,2.060309,21.458765
莫辞终夜饮,2,51.92046,-1.6321136
朝起又营营,13,-24.375864,24.486546
我是玉皇香案吏,4,30.894144,21.803026
谪居犹得住蓬莱,8,19.454012,15.128601
谢公最小偏怜女,0,20.66817,-34.97265
嫁与黔娄百事乖,13,-21.373268,25.064062
今日俸钱过十万,4,24.225151,29.186527
与君营奠复营斋,11,-42.89335,12.223274
昔日戏言身后意,6,-9.589058,-8.7554865
今朝都到眼前来,14,24.132137,-20.768778
衣裳已施行看尽,6,-23.48617,7.9096637
针线犹存未忍开,3,-12.650379,11.834408
尚想旧情怜婢仆,12,-0.06233965,-33.97662
也曾因梦送钱财,18,18.891502,31.491621
贫贱夫妻百事哀,11,-44.786457,3.417376
闲坐悲君亦自悲,5,-48.12616,2.9033053
百年都是几多时,6,-24.121393,-35.899723
潘岳悼亡犹费词,11,-55.16739,-1.8302107
同穴窅冥何所望,11,-41.073853,11.7780075
他生缘会更难期,3,-24.095882,-26.428297
惟将终夜长开眼,16,4.86306,-9.883285
报答平生未展眉,7,-17.016228,21.099638
寥落古行宫,9,-40.753777,-22.62816
宫花寂寞红,9,-36.367542,-27.132576
白头宫女在,6,-38.862255,-15.556004
闲坐说玄宗,8,11.109336,15.386042
忽惊身在古梁州,19,8.738675,0.022259269
休遣玲珑唱我诗,18,9.273564,15.538159
我诗多是别君词,3,-23.798178,-13.887485
明朝又向江头别,3,-24.80164,-14.533791
闲读道书慵未起,8,38.430534,-21.650936
取次花丛懒回顾,0,14.241916,-39.9309
半缘修道半缘君,0,7.390113,-38.816814
去年沙嘴是江心,6,-15.658502,-18.30276
贪看年少信船流,0,9.681376,-31.975222
遥被人知半日羞,10,-8.759019,18.207275
与妾同时生,0,16.15686,-31.62711
到大相呼名,18,15.361938,3.9057138
芳贻千里外,16,4.3424816,-27.86558
怡怡太府吟,8,43.201996,-13.028918
暂去还来此,16,18.480602,-17.74956
幽期不负言,12,21.070179,4.285502
此地聚会夕,12,24.079119,-26.195152
当时雷雨寒,10,-42.65838,-30.540722
兰桡殊未返,19,2.378013,-20.65241
落日恐行人,10,-7.9417524,10.459681
怪禽啼旷野,9,-38.126072,14.841599
烟火渐相亲,12,21.422598,-30.286512
绝顶人来少,9,37.64526,-32.26527
高松鹤不群,8,44.556248,7.348476
世事未曾闻,19,4.158149,3.2459009
松下问童子,19,3.4008908,-2.022824
风光别我苦吟身,3,-30.643297,-9.663667
共君今夜不须睡,2,53.282005,-3.5690875
莫嫌滴沥红斑少,14,17.071604,-1.2752136
恰是湘妃泪尽时,11,-54.287346,-3.8120966
妆罢低声问夫婿画眉深浅入时无,0,11.879143,-40.649906
含情欲说宫中事,0,3.07073,-40.892067
今日美人弃我去,3,-55.487797,-15.366003
青楼珠箔天之涯,16,12.555784,-19.562073
一望不见心断绝,3,-54.228756,-11.132363
心断绝,11,-53.877483,-11.246735
几千里,16,27.628485,4.2830095
觉来泪滴湘江水,11,-58.16632,-2.7286572
美人不见愁人心,5,-31.61779,-3.7950392
相思一夜梅花发,0,5.4168506,-33.231255
忽到窗前疑是君,19,17.45227,-22.881021
二碗破孤闷,2,50.91119,4.596919
四碗发轻汗,2,41.836605,-4.4881263
平生不平事,7,-2.9798846,33.592903
尽向毛孔散,14,41.410152,-4.5810356
七碗吃不得也,18,42.519173,-3.3305585
唯觉两腋习习清风生,14,39.491352,-15.010418
安得知百万亿苍生命,7,-2.4847043,23.7246
堕在颠崖受辛苦,13,-28.528385,20.6803
便为谏议问苍生,12,-2.851905,24.31216
到头合得苏息否,19,0.26254675,-0.1516163
为问西风早晚回,19,8.17275,-19.92202
白发老农如鹤立,9,-30.417141,-42.314774
幼女才六岁,14,13.235878,5.6091866
自家夫婿无消息,3,-19.499056,-9.572011
却恨桥头卖卜人,7,-23.421097,-3.9262567
却令灯下裁衣妇,13,-10.822062,5.289935
误剪同心一半花,3,-24.316214,-0.4143538
归心日夜忆咸阳,17,-5.644375,-27.171644
却望并州是故乡,17,-3.8654475,-24.066944
愁心和雨到昭阳,5,-32.39416,-3.4980032
泪痕不学君恩断,11,-54.71084,-0.03534924
拭却千行更万行,7,-54.30187,1.4694154
万缕千条惹恨深,5,-26.225113,-4.893552
东风无力系春心,3,-41.753757,-13.938529
临行解赠君,12,-2.0965993,-13.823808
勿报细碎仇,18,23.582575,18.46604
乡心日云暮,17,-5.826986,-24.500633
犹在楚城边,16,10.003452,-10.358958
一声何满子,11,-50.416878,-0.3707098
双泪落君前,11,-61.528355,-0.7840942
长在石城头,16,13.145992,1.3837154
高才何必贵,4,30.697338,17.683096
下位不妨贤,4,30.123194,17.669954
一宿行人自可愁,5,-34.486042,-2.2328215
媚眼惟看宿鹭窠,0,12.18342,-35.969177
剔开红焰救飞蛾,12,14.084529,33.698093
却嫌脂粉污颜色,18,27.962275,10.569518
犹见张徽一曲新,16,16.4437,-8.29226
长说上皇和泪教,11,-57.338974,-0.16802377
月明南内更无人,9,-36.37217,-29.200377
六腑睡神去,14,45.262096,-10.251513
数朝诗思清,8,36.22309,-4.0206113
其馀不敢费,10,-10.33596,15.891499
客鬓两年催,6,-18.41718,0.13734728
内官传诏问戎机,10,10.221217,43.01972
嵩少心期杳莫攀,19,-17.662771,-23.663092
好山聊复一开颜,14,45.691418,-8.228808
明朝便是南荒路,16,-6.064672,-12.101738
更上层楼望故关,16,-2.7275596,-22.907618
岁晚香醪熟,14,22.304424,-11.463238
村村自送迎,12,20.505035,-4.088558
榜前潜制泪,7,-53.57645,2.6328087
众里自嫌身,18,-6.7902613,19.975765
尽是添愁处,5,-31.877003,-0.6097442
南山何其悲,11,-47.530075,5.4925733
主人奉觞客长寿,2,56.772057,1.7613363
我有迷魂招不得,19,0.6936933,-8.008027
少年心事当拿云,15,40.509907,23.978292
谁念幽寒坐呜呃,11,-42.295208,5.508747
湘娥啼竹素女愁,11,-54.167976,-3.8445532
芙蓉泣露香兰笑,14,31.848515,-17.4957
吴质不眠倚桂树,19,7.382532,-28.300709
报君黄金台上意,15,37.616013,37.215984
提携玉龙为君死,15,38.31348,40.24439
老兔寒蟾泣天色,9,-48.325554,-21.510263
更变千年如走马,6,11.175931,-27.316118
世上英雄本无主,15,30.0872,28.814318
二十男儿那刺促,15,32.968876,27.749147
忆君清泪如铅水,11,-57.745594,-3.0142353
天若有情天亦老,6,-25.505642,-27.470062
三尺木皮断文理,18,1.3683219,8.205141
劝君终日酩酊醉,2,47.559013,-3.4259408
酒不到刘伶坟上土,6,-39.169834,12.060738
捶碎千年日长白,15,33.334602,31.074858
孝武秦皇听不得,18,1.4240022,32.500603
独共南山守中国,15,28.996311,39.783512
春风烂漫恼娇慵,14,36.39067,-19.194899
十八鬟多无气力,13,-25.688158,8.743277
背人不语向何处,0,0.48175225,-40.698097
直是荆轲一片心,15,37.85193,42.02775
此马非凡马,4,34.44826,20.390335
何当金络脑,15,35.908104,23.937159
快走踏清秋,2,41.63119,7.3163514
可怜日暮嫣香落,6,-48.068638,-14.385471
嫁与东风不用媒,14,18.275389,-39.35834
文章何处哭秋风,11,-41.899487,-4.4099193
无情有恨何人见,5,-27.421345,-4.322475
露压烟啼千万枝,5,-43.870914,-12.812954
欲赛鲁将军,15,39.0084,32.268757
英雄一去豪华尽,6,-37.430355,-17.899597
唯有青山似洛中,16,11.027752,-13.467493
一上高城万里愁,5,-37.043045,-0.6701934
行人莫问当年事,6,-14.88863,-14.70743
劳歌一曲解行舟,16,-0.34799892,-11.295849
日暮酒醒人已远,3,-30.906372,-17.935085
楚云湘水忆同游,17,1.600867,-30.827194
高歌一曲掩明镜,2,45.16232,4.0940795
昨日少年今白头,6,-16.795406,-1.7499098
心期仙诀意无穷,16,33.926083,-2.736439
茂陵松柏满西风,6,-44.29476,-20.87638
洒尽满襟泪,11,-58.289913,1.1901541
短歌聊一书,8,41.03088,-1.2310834
怪我苦何事,7,-20.552809,21.059717
少年垂白须,6,-16.462349,-0.3443306
朋游今在否,19,3.1767023,-17.664558
落拓更能无,8,36.117233,9.486402
门馆恸哭后,11,-55.76916,8.636456
水云秋景初,14,32.352234,-21.874002
秋亦红泪滋,11,-45.41888,-11.421571
清血洒不尽,1,-44.162457,20.062357
仰天知问谁,19,3.1866698,1.2080954
我昨金陵过,16,9.390279,-10.457278
闻之为歔欷,11,-64.62096,3.2880023
愁来独长咏,5,-33.01175,-1.467233
聊可以自贻,8,40.95959,-1.2507851
变化安能推,18,13.885605,15.976714
放歌曾作昔年游,2,44.868862,0.392325
可怜东晋最风流,4,32.000298,1.9438547
一笛闻吹出塞愁,5,-38.616165,0.048019316
惆怅无因见范蠡,5,-33.21055,-11.726266
尘世难逢开口笑,2,57.58717,-4.008172
菊花须插满头归,2,50.815044,-13.327307
但将酩酊酬佳节,2,51.067955,-1.1598265
不用登临恨落晖,16,-17.786274,-19.768488
牛山何必独沾衣,18,19.079887,17.80283
云外惊飞四散哀,11,-44.296345,7.2388844
岂逐春风一一回,16,1.8130624,3.7940707
莫厌潇湘少人处,8,35.83053,-30.898289
东风不与周郎便,7,-15.028568,34.916397
铜雀春深锁二乔,1,-12.089358,8.844673
一骑红尘妃子笑,0,39.54325,1.19836
多少楼台烟雨中,19,30.864824,-27.46334
商女不知亡国恨,1,-58.378117,13.034203
至竟息亡缘底事,7,0.22865361,20.297382
可怜金谷坠楼人,11,-47.488018,-14.2303705
玉人何处教吹箫,0,7.7234955,-24.497265
春风十里扬州路,14,29.561882,-19.553205
卷上珠帘总不如,7,-16.15457,5.1955204
坐看牵牛织女星,0,25.56533,-33.47462
繁华事散逐香尘,6,-39.517376,-19.904879
日暮东风怨啼鸟,5,-42.29868,-1.8374004
落花犹似坠楼人,6,-46.56147,-13.741833
路上行人欲断魂,11,-56.750576,-10.213073
拂尘犹自妒娇娆,18,-8.650758,39.727184
行子喜闻无战伐,14,50.26647,18.604948
闲看游骑猎秋原,8,40.785053,-20.166927
疑是水仙梳洗处,14,34.390644,-12.452729
长笛一声人倚楼,16,34.615276,-31.363909
红衣落尽渚莲愁,5,-35.185246,-5.9753523
鲈鱼正美不归去,17,-0.31322145,-21.657108
空戴南冠学楚囚,7,-18.321236,32.251015
乡心正无限,17,-5.0258126,-25.267061
一溪萦作万重愁,5,-30.804924,-3.081061
谁教冥路作诗仙,18,3.3138435,15.328133
一度思卿一怆然,3,-57.750828,-7.842627
千岩万壑不辞劳,15,37.97369,26.813913
终归大海作波涛,15,42.095768,11.1385145
誓扫匈奴不顾身,15,37.254948,38.982296
可怜无定河边骨,1,-47.93571,15.117332
犹是春闺梦里人,0,4.6081715,-31.128704
宝剑黯如水,9,-45.035034,-29.44604
微红湿馀血,1,-44.856827,17.51134
白马夜频惊,10,6.919073,40.43542
客行悲故乡,17,-6.578687,-20.458132
素琴机虑静,8,43.576054,-23.500177
空伴夜泉清,9,35.880196,-27.96284
苏武魂销汉使前,11,-7.105391,-16.857979
空向秋波哭逝川,6,-33.675983,-17.24585
莫怪临风倍惆怅,5,-34.602917,-10.190635
欲将书剑学从军,15,40.42846,35.010418
下国卧龙空寤主,7,-12.371719,29.301718
中原得鹿不由人,15,29.636253,28.998909
冰簟银床梦不成,9,-38.728554,-30.858353
侯印不闻封李广,7,-12.659454,30.556248
他人丘垄似天山,18,8.022159,3.889799
一曲伊州泪万行,11,-59.498745,-0.9499546
天生旧物不如新,18,12.666373,21.445086
合欢桃核终堪恨,3,-25.824774,-3.7203646
入骨相思知不知,0,4.547748,-34.451565
存者皆面啼,11,-54.533974,7.5933375
无衣可迎宾,18,-4.761361,19.550499
始若畏人问,10,-7.535997,13.405937
及门还具陈,18,15.687827,4.878706
依依过村落,16,13.371988,-8.264603
右辅田畴薄,13,-31.442507,28.85646
斯民常苦贫,13,-33.280056,30.163332
况自贞观后,4,27.222374,14.630917
命官多儒臣,18,11.426616,23.07733
降及开元中,4,27.102575,14.501702
奸邪挠经纶,1,0.5989097,31.40302
中原遂多故,1,-52.76423,19.097221
皇子弃不乳,18,3.896738,27.356178
重赐竭中国,1,-29.493044,34.319454
强兵临北边,15,11.111184,41.672726
公卿辱嘲叱,18,3.542484,31.836752
唾弃如粪丸,18,3.258045,32.011627
大朝会万方,4,52.42937,20.662012
天子正临轩,4,52.85143,22.41685
忤者死艰屦,18,2.4488578,33.996956
附之升顶颠,4,34.006844,13.940332
华侈矜递街,18,22.720343,29.049704
豪俊相并吞,15,42.83247,31.46947
因失生惠养,18,10.575302,17.285015
渐见征求频,13,-27.580807,30.983257
是时正忘战,16,35.813316,27.919693
重兵多在边,1,11.13034,41.72724
生小太平年,14,31.279224,-0.8525347
不识夜闭门,19,9.9568815,13.878609
少壮尽点行,1,-25.091412,29.128216
疲老守空村,13,-29.818079,11.778406
生分作死誓,12,20.156471,4.574169
挥泪连秋云,11,-55.396336,1.7875302
廷臣例獐怯,10,-7.528553,14.71225
诸将如羸奔,10,-2.3123987,19.093145
诚知开辟久,16,26.952547,16.157118
遘此云雷屯,10,-26.878687,21.632116
逆者问鼎大,18,30.593178,26.602343
存者要高官,18,31.126595,23.889484
抢攘互间谍,10,6.069772,39.34508
孰辨枭与鸾,19,0.1935033,17.346973
城空鸟雀死,1,-40.131897,16.131607
人去豺狼喧,1,-38.794315,15.55225
南资竭吴越,1,-29.475618,34.38723
西费失河源,19,5.8844066,-6.5606637
列圣蒙此耻,1,-7.0452003,31.883514
含怀不能宣,7,2.8781002,-40.79565
谋臣拱手立,4,28.13954,18.664356
相戒无敢先,10,-6.2567325,15.445405
万国困抒轴,18,3.7954388,25.37506
内库无金钱,13,-28.816273,27.27156
健儿立霜雪,15,39.99747,28.570478
腹歉衣裳单,13,-31.041084,26.33268
馈饷多过时,13,-27.229454,30.687302
高估铜与铅,18,11.440302,20.581043
朝廷不暇给,13,-28.331087,31.724241
辛苦无半年,13,-31.183979,22.299913
行人榷行资,13,8.625251,-6.2002063
居者税屋椽,13,-29.222675,30.459059
临门送节制,16,16.0037,5.444973
以锡通天班,4,33.776737,13.700076
破者以族灭,1,0.34991798,37.10969
存者尚迁延,13,3.2958183,7.9576693
礼数异君父,18,6.159543,19.494358
羁縻如羌零,16,-11.409429,-11.031083
巍巍政事堂,4,53.441486,22.248196
宰相厌八珍,18,23.1762,27.486422
敢问下执事,10,13.939168,8.24968
今谁掌其权,19,2.0695846,21.367207
疮疽几十载,13,-29.26944,17.443665
不敢抉其根,10,-9.0409775,14.895298
国蹙赋更重,13,-30.012344,32.660442
人稀役弥繁,13,-29.260538,31.554258
生为人所惮,10,-9.644535,11.602541
死非人所怜,1,-42.152946,15.670672
快刀断其头,15,43.67798,34.4488
列若猪牛悬,18,7.400742,25.491934
乡里骇供亿,10,-1.8322467,11.624931
老少相扳牵,12,20.048376,-5.6788883
儿孙生未孩,19,-8.913978,5.134699
弃之无惨颜,15,22.728136,19.763996
不复议所适,19,5.1984134,7.6018057
但欲死山间,16,6.385843,6.3748984
尔来又三岁,16,7.4280257,-7.623474
甘泽不及春,14,17.812014,-1.3578135
盗贼亭午起,10,6.0090923,40.374954
问谁多穷民,13,-33.207684,31.903019
节使杀亭吏,1,1.2651584,38.931747
捕之恐无因,10,-6.0711083,11.901012
愧客问本末,7,-10.268759,20.674755
愿客无因循,16,20.74409,-13.475171
我听此言罢,19,5.0490417,5.0938735
冤愤如相焚,1,-3.8361936,34.324596
我愿为此事,12,31.698353,37.030334
君前剖心肝,12,20.927427,6.6107726
叩头出鲜血,1,-50.987896,8.540538
滂沱污紫宸,1,1.469083,34.47615
九重黯已隔,7,-7.2833114,-5.109394
涕泗空沾唇,11,-59.308964,2.1254373
慎勿道此言,10,-6.060028,15.531223
此言未忍闻,11,-12.097473,12.829848
誓将上雪列圣耻,15,35.889984,38.28331
坐法宫中朝四夷,4,52.834423,22.501616
愈拜稽首蹈且舞,2,55.309135,8.015442
金石刻画臣能为,15,41.892418,21.06822
呜呼圣皇及圣相,7,-16.81058,-43.152348
相与烜赫流淳熙,4,35.69465,15.335474
愿书万本诵万过,15,29.012146,34.06988
口角流沫右手胝,18,2.5348587,35.55185
怜我秋斋梦蝴蝶,19,1.986281,-26.387264
东郊恸哭辞兄弟,11,-56.212597,8.631715
归来寂寞灵台下,9,-34.736275,-27.044722
玉骨瘦来无一把,13,-25.194918,7.112963
直厅印锁黄昏愁,5,-34.0271,-4.95089
爱君忧国去未能,7,-8.267647,27.883411
此时闻有燕昭台,16,10.382789,-2.8419893
挺身东望心眼开,15,45.466663,12.879573
狂来笔力如牛弩,15,48.230885,4.8544283
借酒祝公千万年,2,56.77092,1.7941974
本以高难饱,13,-30.387814,26.444212
徒劳恨费声,7,-22.452503,5.4287267
烦君最相警,18,-0.613046,12.487867
我亦举家清,8,29.46886,8.548734
肠断未忍扫,11,-55.764423,-8.419104
芳心向春尽,3,-41.914806,-13.751287
所得是沾衣,14,16.699448,-0.22082834
天意怜幽草,12,15.630602,-26.166388
人间重晚晴,14,29.036654,-14.679544
贾生年少虚垂涕,11,-59.93376,11.12781
王粲春来更远游,16,2.619064,-12.4730215
永忆江湖归白发,16,8.586003,-15.716639
欲回天地入扁舟,16,26.977743,21.007326
不知腐鼠成滋味,18,10.725281,19.578838
猜意鹓雏竟未休,19,2.5058749,14.385764
相见时难别亦难,3,-61.24724,-6.0876913
春蚕到死丝方尽,0,7.4756985,-42.2402
蜡炬成灰泪始干,0,7.389935,-42.33844
晓镜但愁云鬓改,5,-28.104776,-0.62385255
夜吟应觉月光寒,9,-39.07547,-30.331554
身无彩凤双飞翼,3,-21.746765,-20.181679
心有灵犀一点通,0,19.141348,-29.483072
嗟余听鼓应官去,7,-23.8057,26.754572
来是空言去绝踪,3,-26.143036,-21.587849
梦为远别啼难唤,3,-57.70955,-6.097651
刘郎已恨蓬山远,3,-22.884739,-20.81451
更隔蓬山一万重,3,-23.261286,-19.96204
春心莫共花争发,0,16.291403,-38.602634
一寸相思一寸灰,3,-51.417175,-10.252317
锦瑟无端五十弦,19,-3.3676214,-37.082966
一弦一柱思华年,0,-2.69232,-35.83644
此情可待成追忆,3,-3.4111142,-36.607155
只是当时已惘然,3,-4.45649,-36.784702
怅卧新春白袷衣,5,-34.138966,-12.89286
白门寥落意多违,5,-36.273033,-21.49001
远路应悲春晼晚,5,-42.071934,-8.73578
玉珰缄札何由达,3,-18.943945,-13.377592
紫泉宫殿锁烟霞,4,-1.7240151,4.539365
欲取芜城作帝家,4,32.345165,24.094765
地下若逢陈后主,7,2.479873,17.16431
岂宜重问后庭花,18,4.141817,17.078632
徒令上将挥神笔,7,-9.375262,31.258804
终见降王走传车,1,13.052833,38.083088
他年锦里经祠庙,16,11.042658,-4.177662
梁父吟成恨有馀,7,-9.565295,34.740604
安危须共主君忧,12,-7.349623,28.790031
岂有蛟龙长失水,4,16.921488,14.774251
更无鹰隼与高秋,16,9.130045,4.7184258
昼号夜哭兼幽显,11,-44.15734,10.616536
早晚星关雪涕收,11,-52.83633,0.79873043
上帝深宫闭九阍,18,-7.164451,-4.5889177
巫咸不下问衔冤,7,-4.14577,34.681202
只有安仁能作诔,18,2.0644314,15.870863
何曾宋玉解招魂,19,3.0741515,15.344521
平生风义兼师友,12,22.579025,4.813682
不敢同君哭寝门,10,-10.450012,14.336183
他生未卜此生休,3,-24.264393,-26.501558
如何四纪为天子,4,30.760284,22.064758
不及卢家有莫愁,0,-16.106733,4.859693
我是梦中传彩笔,14,32.018944,-10.649823
欲书花叶寄朝云,0,7.9774494,-33.72939
向晚意不适,5,-32.364204,6.4545436
夕阳无限好,14,22.613997,-38.408825
只是近黄昏,6,-36.148445,-16.910278
相思迢递隔重城,3,-23.757992,-18.6614
可怜夜半虚前席,7,-49.05061,-16.421343
乘兴南游不戒严,2,45.165314,-6.187184
一笑相倾国便亡,1,-13.997099,8.680453
何劳荆棘始堪伤,18,18.246664,18.32416
晋阳已陷休回顾,1,3.7706137,42.186665
人生何处不离群,16,27.444859,0.122924045
世路干戈惜暂分,3,-22.412426,-14.610079
美酒成都堪送老,2,49.319317,-5.8661304
当垆仍是卓文君,0,22.589983,15.002668
休夸此地分天下,4,32.65305,24.065222
只得徐妃半面妆,7,-18.385626,6.5579515
君问归期未有期,3,-12.342706,-27.806345
何当共剪西窗烛,0,7.024669,-22.416077
嫦娥应悔偷灵药,3,-23.520353,0.784813
碧海青天夜夜心,3,-29.561787,-21.230495
为有云屏无限娇,0,16.226206,-40.91748
凤城寒尽怕春宵,10,-7.7744904,9.253315
无端嫁得金龟婿,18,-12.333931,6.2682323
辜负香衾事早朝,7,-16.496546,20.581638
寻芳不觉醉流霞,2,48.216496,-4.840356
更持红烛赏残花,0,21.698425,-38.28965
远鸿高送一行愁,5,-33.59275,-3.6571262
音书寂绝秦云外,9,-17.431887,-12.388473
身世蹉跎楚水头,6,-21.377077,28.716892
年貌暗随黄叶去,6,-18.415,-2.6260092
时情深付碧波流,0,9.487547,-33.33169
驻马寒光独倚楼,9,-38.262802,-27.725756
怜君意独真,12,19.660044,-32.720016
长安重桃李,4,20.92703,29.58597
徒染六街尘,13,-22.652515,23.18457
悲莫悲兮生别离,11,-49.50717,3.4293911
登山临水送将归,16,-0.8580544,-12.73015
大用外腓,4,33.92376,8.485942
真体内充,8,46.4807,-22.378807
返虚入浑,8,34.739094,7.4296274
积健为雄,15,43.90306,28.642376
具备万物,4,35.608994,5.8832703
横绝太空,15,41.694096,14.211814
荒荒油云,9,14.848013,-20.485022
寥寥长风,9,14.134029,-20.46948
超以象外,8,34.881107,7.418081
得其环中,8,34.190456,7.1295667
持之非强,8,15.688725,12.903691
来之无穷,14,35.277245,5.567534
忘机渐喜逢人少,8,45.401974,-20.337938
览镜空怜待鹤疏,6,-18.84781,-22.893412
酣歌自适逃名久,2,48.528965,-7.168616
事关休戚已成空,6,-32.789227,-17.33897
万里相思一夜中,0,4.2357807,-33.984016
愁到晓鸡声绝后,5,-33.859478,-1.6278235
又将憔悴见春风,5,-25.385958,7.7477603
心孤多所虞,10,-32.82597,-34.256596
莫羡居者闲,16,26.254189,11.20457
父兄若一处,12,20.90699,-6.122504
任向边头老,16,-16.949892,9.475415
年来惆怅与谁论,5,-34.687626,-11.59486
乐中歌曲断人肠,11,-49.822113,-0.66478
邠王玉笛三更咽,9,-44.166733,-2.3253677
一自犬戎生蓟北,1,-52.76187,19.467453
便从征战老汾阳,1,-17.03687,9.538255
更无人共听,9,-32.145405,-27.396383
只有月空明,9,35.842033,-27.927828
欲将琴强写,7,-19.127708,-18.685024
不是自然声,18,12.5937,15.061603
忽忆同心友,12,2.4794328,-29.99814
别来长独愁,5,-32.9725,-1.7771512
闲赏步易远,8,40.777256,-20.00312
野吟声自高,8,45.327072,6.779862
尘中心枉劳,7,-22.610392,23.142332
少年随将讨河湟,15,39.858864,36.402576
头白时清返故乡,17,6.960901,-11.957538
十万汉军零落尽,1,-49.92313,17.15282
独吹边曲向残阳,9,-39.074448,-26.22815
狎鸥归未得,16,0.99474984,-21.195211
睹尔忆晴江,16,1.3110214,-29.71964
堂上有兵天不用,1,3.7009852,26.13789
千秋休恨马嵬坡,18,19.173895,17.707848
却笑蜘蛛谩织罗,18,10.289206,29.626534
玄宗回马杨妃死,1,-45.36775,16.461588
云雨难忘日月新,16,26.653847,-6.352925
终是圣明天子事,4,47.41401,20.41692
山将别恨和心断,3,-26.423311,-8.812376
水带离声入梦流,3,-23.106869,-11.696926
今日因君试回首,0,1.0231247,-31.656134
惆怅佳期又一年,5,-33.631874,-11.630628
冷烟轻霭傍衰丛,9,-42.70468,-25.950686
此夕秦淮驻断蓬,17,-11.4469795,-20.464945
六代精灵人不见,6,-38.842678,-19.083588
思量应在月明中,0,6.038123,-31.113728
抛掷南阳为主忧,7,-8.41572,28.057749
运去英雄不自由,7,-15.838372,34.474396
两朝冠剑恨谯周,7,-8.7345,33.56345
唯余岩下多情水,0,9.204923,-33.58371
万木生芽是今日,14,27.708138,-17.346962
远天归雁拂云飞,14,36.20789,-15.627884
近水游鱼迸冰出,14,32.71255,-14.192125
为谁辛苦为谁甜,3,-24.404476,13.396369
家国兴亡自有时,15,18.152704,20.472332
吴人何苦怨西施,18,3.376305,18.879776
西施若解倾吴国,18,3.3619335,18.777674
越国亡来又是谁,7,0.6121222,19.960403
锺陵醉别十余春,3,-21.266376,-15.747003
重见云英掌上身,14,20.52619,-22.504591
我未成名君未嫁,0,-23.53394,-26.479265
可能俱是不如人,7,-13.264969,26.029032
得即高歌失即休,2,43.733017,-8.545137
多愁多恨亦悠悠,5,-31.202196,-1.2575661
今朝有酒今朝醉,2,49.63198,-4.62597
明日愁来明日愁,5,-30.799356,0.48859033
五湖烟月奈相违,3,-20.910925,-18.557713
何如学取孙供奉,4,33.566643,3.132207
一笑君王便着绯,4,57.967033,-10.771832
不见明居士,19,-16.846262,-25.11254
何时石上月,19,12.503699,-15.577908
相对论逍遥,8,34.40267,9.598807
几口嬉嬉活,14,42.225628,-11.973121
清香满山月,8,33.68591,-23.52484
尽道隋亡为此河,18,-0.04304931,20.855095
共禹论功不较多,4,45.237316,20.899055
莫道无心畏雷电,18,28.227589,23.529646
海龙王处也横行,15,34.250557,26.739813
雁寒犹忆侣,17,-0.361888,-29.354532
人病更离家,11,-33.656433,8.679291
何须万里外,16,27.705513,1.1730156
即此是天涯,17,-12.600125,-22.061214
唯应报春鸟,14,23.540756,-16.813807
得共斯人知,12,20.882893,-26.010378
念我何留滞,17,0.5280635,-18.73309
辞家久未还,17,-7.961372,-20.29125
临水不敢照,10,-8.57322,16.624754
恐惊平昔颜,10,-6.8540616,12.308115
应多白发生,6,-16.60622,-0.7896814
过尽愁人处,5,-33.18509,-2.7019007
竟夕自悲秋,5,-44.561813,-6.251477
聊凭危堞望,16,-3.6912766,-16.373634
暗起异乡情,17,-6.733692,-25.191397
狂歌泪满缨,11,-55.154633,2.638161
天子好征战,1,0.15258014,42.25741
百姓不种桑,13,-31.391615,29.52197
天子好少年,4,37.466366,1.1318734
无人荐冯唐,7,-13.429255,29.432074
天子好美女,4,38.325783,1.0986583
夫妇不成双,3,-25.071167,-0.350088
欺暗尚不然,18,7.7942505,34.772526
欺明当自戮,18,7.7348504,34.802204
难将一人手,7,-8.649677,-1.9106966
掩得天下目,4,13.460693,13.378465
不见三尺坟,1,-39.91885,14.815063
云阳草空绿,16,31.64527,-20.243372
行人莫叹碧云晚,16,12.261675,-8.225919
雁回湘浦怨声长,5,-41.42293,-1.6005415
应无惆怅沧波远,8,26.64697,-3.2838793
十二玉楼非我乡,17,-12.761049,-20.042973
官仓老鼠大如斗,18,8.367874,26.177616
健儿无粮百姓饥,1,-33.835335,31.26923
谁遣朝朝入君口,0,10.489004,-37.132965
扣人难动心,0,-8.89021,-2.9154801
曾恨朱门深,7,-4.083382,30.889084
不向东风怨未开,16,20.805069,-2.268128
含颦欲语声先咽,3,2.7082267,-41.151577
丧乱漂沦何堪说,11,-52.243412,15.984668
妾闻此语愁更愁,5,-31.473433,-2.2270954
竟日阑干泪如雨,11,-58.45622,-0.37452284
不敢回眸空泪下,11,-57.937557,-1.3986658
红粉香脂刀下死,1,-45.266228,16.732002
仰天掩面哭一声,11,-57.57187,6.666273
烟中大叫犹求救,1,2.537841,25.651999
终日惊忧心胆碎,10,-43.76424,7.903034
妾闻此老伤心语,11,-52.347786,-2.297927
更欲东奔何处所,19,-3.0088458,-7.620603
避难徒为阙下人,7,-18.567732,31.424732
怀安却羡江南鬼,18,1.9231597,13.015986
有国有家皆是梦,6,-4.459703,-4.21546
为龙为虎亦成空,6,-4.4997277,-3.9594634
残花旧宅悲江令,6,-42.89664,-6.8813214
落日青山吊谢公,16,6.3015394,-15.689167
止竟霸图何物在,6,-0.50034416,6.807333
六朝如梦鸟空啼,6,-38.98626,-19.13324
无情最是台城柳,6,-40.13631,-17.021236
杀声沉后野风悲,1,-48.05834,13.033923
家人犹自寄寒衣,17,-7.181286,-31.419792
医得眼前疮,13,-29.211285,17.969828
剜却心头肉,11,-51.365845,9.053367
我愿君王心,12,31.691313,36.827343
化作光明烛,15,31.263311,-2.7199426
不照绮罗筵,18,9.397154,15.000478
只照逃亡屋,13,-38.424976,21.156036
六月禾未秀,13,-31.55643,28.8304
官家已修仓,18,26.386488,17.569834
中有高人在,8,31.11839,-25.2703
沙中曳杖藜,8,11.339458,1.6675106
宿酒初醒懒卸头,8,37.519318,-21.440985
一声声入两眉愁,5,-31.389627,-2.885784
何处一屏风,19,4.9670277,-2.6170228
犹见墨痕浓,16,16.47666,-8.015004
若教临水畔,16,15.524464,-10.436774
字字恐成龙,10,-5.591403,12.703765
闻雨伤春梦不成,5,-40.34303,-8.368755
秋千打困解罗裙,14,36.492386,-19.272917
见客入来和笑走,14,55.73563,-8.602588
不胜情绪两风流,2,38.559273,-7.9389567
为爱好多心转惑,0,10.227378,-30.01828
鹅儿唼喋栀黄嘴,14,40.571617,-11.906254
凤子轻盈腻粉腰,14,16.449825,-41.515583
深院下帘人昼寝,8,38.59676,-22.373362
红蔷薇架碧芭蕉,14,32.603886,-20.04999
何曾解报稻粱恩,7,-0.34862632,26.33771
唯将芥羽害同群,18,1.2143074,29.599222
渔翁醉着无人唤,8,48.442047,-3.4480946
君恩已尽欲何归,7,-18.376314,30.737686
自恨身轻不如燕,7,-23.692944,4.1943717
游子乍闻征袖湿,17,-5.2378397,-19.706436
佳人才唱翠眉低,0,10.862105,-39.15809
相呼相应湘江阔,14,43.048077,9.075267
苦竹丛深日向西,9,-40.868294,-26.498856
莫向春风唱鹧鸪,3,-15.959321,-14.645028
杨花愁杀渡江人,5,-36.883408,-2.8624675
君向潇湘我向秦,16,-15.234377,-20.905039
苍茫空泛日,9,14.131488,-20.5414
四顾绝人烟,9,-36.62982,-33.31227
波外恐无天,10,-5.896768,10.931641
欲作乘槎客,16,30.373228,-9.306058
翻然去隔年,16,28.624863,0.36056253
秋田有望从淋漓,14,25.611225,-15.322241
坐看黑云衔猛雨,14,10.52726,4.489576
忽惊云雨在头上,10,8.367542,-0.0070885257
家家扶得醉人归,2,51.07359,-5.86056
却疑春色在邻家,19,16.43316,-23.023912
明年如应律,14,23.444376,-16.135166
先发望春台,4,23.110704,-15.271075
何处报人恩,7,-8.073334,25.449808
勇死寻常事,15,39.96114,40.592316
轻仇不足论,18,22.79739,21.066187
翻嫌易水上,1,-3.1404226,29.486223
细碎动离魂,3,-23.312456,-11.073382
万物都寂寂,9,33.58367,-29.389122
人心尽如此,7,-0.2927033,24.139013
天下自和平,14,52.27285,18.70222
孤独异乡人,9,-11.528597,-18.267622
渐与骨肉远,3,-17.014448,-9.227368
那堪正飘泊,5,-11.737586,-11.900569
念尔独何之,3,0.7012002,-18.381214
孤飞自可疑,9,-32.79003,-34.181053
襄阳好向岘亭看,16,27.389349,-11.862622
人物萧条属岁阑,6,-39.14856,-24.135628
夜来风雪过江寒,9,-41.566788,-29.727953
惟有一篇杨柳曲,16,16.2521,-9.373225
江南江北为君愁,5,-30.557909,-4.8255286
料得相如偷见面,0,16.273668,-33.52304
忆君心似西江水,0,5.6658535,-35.708546
日夜东流无歇时,16,12.126158,-27.231117
竹帛烟销帝业虚,6,-0.93309456,7.0282903
关河空锁祖龙居,1,-1.3064522,5.74156
坑灰未冷山东乱,1,4.6889825,41.633038
刘项原来不读书,18,11.406173,29.59906
早被婵娟误,7,-23.639688,0.429657
欲妆临镜慵,8,36.711777,-21.621338
承恩不在貌,18,11.074633,23.015406
教妾若为容,0,12.698857,-39.3322
年年越溪女,0,15.703263,-37.129627
相忆采芙蓉,0,4.193107,-31.838764
乡思在渔歌,17,-5.2824326,-25.700674
海涨兵荒后,1,-52.665268,18.38335
为官合动情,12,20.782145,12.299848
惟持古人意,8,15.340516,-6.3010325
千里赠君行,12,-1.7851417,-13.344584
握手相看谁敢言,10,-12.211304,13.306069
遍收宝货无藏处,18,19.594193,31.701937
乱杀平人不怕天,1,1.3861258,38.541748
郡侯逐出浑闲事,18,22.013575,21.3629
县民无口不冤声,1,-4.9609084,36.2744
便是生灵血染成,1,-44.974506,18.97632
生民何计乐樵苏,13,-32.14216,30.707827
凭君莫话封侯事,7,-12.150967,33.96885
一将功成万骨枯,1,-46.954906,16.524967
至今窥牧马,16,9.604167,8.204513
不敢过临洮,10,-8.882351,14.1745205
寒尽不知年,19,8.010961,-4.32252
劝君莫惜金缕衣,6,-22.265648,-32.228302
劝君须惜少年时,6,-22.255398,-32.231777
有花堪折直须折,2,57.1359,-1.4548208
莫待无花空折枝,6,-20.765865,-31.084314
西风吹妾妾忧夫,3,-20.20658,-9.252269
一行书信千行泪,11,-61.07782,-1.2395257
寒到君边衣到无,12,-7.092582,-31.94907
流水何太急,19,0.13333103,-20.19053
深宫尽日闲,8,31.076023,-33.197784
殷勤谢红叶,12,17.776926,8.26041
好去到人间,14,29.644955,-2.598212
肠断木兰歌,11,-55.77233,-8.349464
绣岭宫前鹤发翁,6,-30.413935,-42.31394
犹唱开元太平曲,4,26.868347,14.215322
水禽情似此禽稀,0,10.282459,-34.47723
笑指中流羡尔归,14,33.81719,-6.377325
平生相爱应相识,12,16.953243,-29.782911
谁道修篁胜此君,4,32.59717,19.503782
我花开后百花杀,15,46.0516,34.11069
冲天香阵透长安,4,43.654526,24.30182
满城尽带黄金甲,15,45.980824,34.009876
一时衰飒无多恨,18,20.036064,18.040016
看着清风彩剪成,14,33.929203,-15.829866
正是归时底不归,16,13.532117,-9.6064005
赫连台畔旅人情,17,-11.332995,-20.557896
一夕秋风白发生,6,-16.96448,-1.9865295
旧山虽在不关身,17,-13.180144,-19.906258
不知今夜属何人,19,-1.1631184,-3.9115129
别梦依依到谢家,0,3.191897,-31.478289
多情只有春庭月,0,8.452944,-33.463207
故将红豆打黄莺,0,5.5604897,14.449859
君王城上竖降旗,1,-50.293335,18.039293
妾在深宫那得知,3,-19.321325,-8.861509
十四万人齐解甲,4,13.704442,38.54793
更无一个是男儿,18,5.427067,26.120869
不愤钱塘苏小小,18,5.5519004,16.439365
引郎松下结同心,0,16.745728,-31.252346
不道人间巧已多,18,9.378373,21.716932
